config,model,auroc_mean,auroc_std,auprc_mean,auprc_std,f1_mean,f1_std,precision_mean,precision_std,recall_mean,recall_std,accuracy_mean,accuracy_std,bss_mean,bss_std,best_thresh_mean,best_thresh_std,dataset,imputer,with_flag,interaction,resampling
NHANES__zero,ann,0.958,0.007,0.771,0.021,0.747,0.019,0.665,0.055,0.862,0.061,0.929,0.009,0.493,0.054,0.511,0.209,NHANES,zero,0,0,0
NHANES__zero,ann_xgb_ens,0.96,0.009,0.775,0.062,0.764,0.029,0.677,0.054,0.881,0.036,0.934,0.012,0.571,0.03,0.35,0.174,NHANES,zero,0,0,0
NHANES__zero,deep_ann,0.96,0.002,0.776,0.016,0.751,0.024,0.676,0.047,0.848,0.02,0.932,0.01,0.461,0.029,0.551,0.152,NHANES,zero,0,0,0
NHANES__zero,deepnetx2,0.962,0.006,0.777,0.02,0.751,0.042,0.657,0.07,0.885,0.03,0.928,0.018,0.509,0.039,0.427,0.137,NHANES,zero,0,0,0
NHANES__zero,lr,0.937,0.016,0.731,0.02,0.763,0.022,0.718,0.046,0.822,0.075,0.938,0.006,0.226,0.075,0.762,0.07,NHANES,zero,0,0,0
NHANES__zero,rf,0.962,0.002,0.78,0.048,0.764,0.039,0.686,0.085,0.875,0.054,0.934,0.017,0.599,0.016,0.29,0.116,NHANES,zero,0,0,0
NHANES__zero,RF+DNN metastack,0.964,0.004,0.801,0.04,0.77,0.019,0.695,0.05,0.871,0.064,0.937,0.008,0.611,0.016,0.29,0.091,NHANES,zero,0,0,0
NHANES__zero,xgb,0.957,0.009,0.763,0.068,0.753,0.03,0.667,0.05,0.868,0.038,0.931,0.011,0.532,0.039,0.136,0.03,NHANES,zero,0,0,0
NHANES__zero_smote,ann,0.959,0.006,0.774,0.039,0.748,0.007,0.703,0.052,0.809,0.068,0.934,0.007,0.418,0.057,0.735,0.182,NHANES,zero,0,0,1
NHANES__zero_smote,ann_xgb_ens,0.961,0.009,0.78,0.057,0.761,0.025,0.689,0.059,0.858,0.059,0.934,0.011,0.531,0.035,0.531,0.208,NHANES,zero,0,0,1
NHANES__zero_smote,deep_ann,0.963,0.009,0.797,0.017,0.756,0.028,0.656,0.053,0.898,0.032,0.929,0.013,0.459,0.062,0.539,0.159,NHANES,zero,0,0,1
NHANES__zero_smote,deepnetx2,0.959,0.004,0.766,0.025,0.758,0.011,0.696,0.057,0.842,0.062,0.935,0.008,0.431,0.043,0.695,0.132,NHANES,zero,0,0,1
NHANES__zero_smote,lr,0.937,0.016,0.728,0.027,0.76,0.019,0.717,0.023,0.812,0.07,0.938,0.002,0.279,0.088,0.768,0.075,NHANES,zero,0,0,1
NHANES__zero_smote,rf,0.962,0.007,0.773,0.055,0.767,0.019,0.687,0.057,0.875,0.044,0.935,0.009,0.556,0.039,0.453,0.104,NHANES,zero,0,0,1
NHANES__zero_smote,RF+DNN metastack,0.963,0.004,0.793,0.039,0.785,0.01,0.731,0.018,0.848,0.022,0.944,0.003,0.607,0.015,0.35,0.03,NHANES,zero,0,0,1
NHANES__zero_smote,xgb,0.955,0.011,0.758,0.058,0.742,0.016,0.679,0.049,0.825,0.061,0.93,0.008,0.516,0.043,0.412,0.232,NHANES,zero,0,0,1
NHANES__zero_pair,ann,0.958,0.007,0.779,0.017,0.771,0.011,0.694,0.016,0.868,0.03,0.938,0.003,0.445,0.042,0.655,0.08,NHANES,zero,0,1,0
NHANES__zero_pair,ann_xgb_ens,0.96,0.008,0.787,0.058,0.77,0.03,0.685,0.057,0.885,0.025,0.936,0.013,0.573,0.03,0.387,0.189,NHANES,zero,0,1,0
NHANES__zero_pair,deep_ann,0.957,0.01,0.773,0.023,0.755,0.027,0.679,0.062,0.858,0.063,0.932,0.012,0.445,0.032,0.577,0.189,NHANES,zero,0,1,0
NHANES__zero_pair,deepnetx2,0.959,0.009,0.778,0.023,0.762,0.018,0.686,0.052,0.865,0.067,0.934,0.008,0.46,0.053,0.552,0.145,NHANES,zero,0,1,0
NHANES__zero_pair,lr,0.933,0.014,0.721,0.024,0.759,0.027,0.697,0.035,0.835,0.042,0.936,0.008,0.216,0.086,0.741,0.083,NHANES,zero,0,1,0
NHANES__zero_pair,rf,0.963,0.005,0.786,0.053,0.777,0.017,0.711,0.047,0.865,0.072,0.94,0.005,0.606,0.022,0.338,0.073,NHANES,zero,0,1,0
NHANES__zero_pair,RF+DNN metastack,0.966,0.005,0.799,0.037,0.779,0.019,0.71,0.033,0.865,0.039,0.94,0.007,0.606,0.017,0.329,0.047,NHANES,zero,0,1,0
NHANES__zero_pair,xgb,0.957,0.007,0.771,0.065,0.755,0.013,0.669,0.029,0.868,0.042,0.932,0.005,0.548,0.025,0.157,0.056,NHANES,zero,0,1,0
NHANES__zero_pair_smote,ann,0.962,0.007,0.789,0.012,0.761,0.027,0.696,0.051,0.845,0.053,0.936,0.01,0.449,0.033,0.693,0.146,NHANES,zero,0,1,1
NHANES__zero_pair_smote,ann_xgb_ens,0.961,0.007,0.784,0.047,0.765,0.012,0.692,0.037,0.862,0.055,0.936,0.005,0.51,0.035,0.576,0.156,NHANES,zero,0,1,1
NHANES__zero_pair_smote,deep_ann,0.962,0.009,0.788,0.021,0.774,0.023,0.691,0.034,0.881,0.029,0.938,0.007,0.425,0.032,0.69,0.097,NHANES,zero,0,1,1
NHANES__zero_pair_smote,deepnetx2,0.961,0.01,0.776,0.027,0.764,0.026,0.679,0.049,0.878,0.048,0.934,0.01,0.417,0.052,0.668,0.166,NHANES,zero,0,1,1
NHANES__zero_pair_smote,lr,0.932,0.013,0.718,0.027,0.744,0.039,0.677,0.065,0.835,0.068,0.93,0.015,0.24,0.126,0.697,0.096,NHANES,zero,0,1,1
NHANES__zero_pair_smote,rf,0.964,0.006,0.781,0.045,0.763,0.018,0.691,0.053,0.858,0.053,0.935,0.008,0.551,0.042,0.5,0.093,NHANES,zero,0,1,1
NHANES__zero_pair_smote,RF+DNN metastack,0.966,0.005,0.799,0.033,0.769,0.023,0.696,0.037,0.861,0.028,0.937,0.008,0.605,0.017,0.301,0.052,NHANES,zero,0,1,1
NHANES__zero_pair_smote,xgb,0.956,0.006,0.768,0.049,0.741,0.031,0.69,0.07,0.809,0.061,0.931,0.015,0.52,0.032,0.491,0.255,NHANES,zero,0,1,1
NHANES__zero_flag,ann,0.957,0.004,0.783,0.039,0.757,0.032,0.675,0.059,0.868,0.041,0.932,0.013,0.434,0.071,0.66,0.146,NHANES,zero,1,0,0
NHANES__zero_flag,ann_xgb_ens,0.959,0.008,0.774,0.057,0.753,0.027,0.666,0.057,0.875,0.047,0.93,0.014,0.566,0.04,0.349,0.181,NHANES,zero,1,0,0
NHANES__zero_flag,deep_ann,0.951,0.012,0.759,0.031,0.765,0.032,0.674,0.052,0.888,0.025,0.934,0.012,0.429,0.064,0.564,0.142,NHANES,zero,1,0,0
NHANES__zero_flag,deepnetx2,0.945,0.01,0.758,0.037,0.752,0.044,0.671,0.08,0.865,0.035,0.93,0.018,0.427,0.09,0.534,0.17,NHANES,zero,1,0,0
NHANES__zero_flag,lr,0.96,0.003,0.755,0.038,0.762,0.022,0.675,0.043,0.878,0.031,0.933,0.009,0.356,0.052,0.748,0.092,NHANES,zero,1,0,0
NHANES__zero_flag,rf,0.962,0.003,0.78,0.054,0.759,0.023,0.691,0.061,0.855,0.098,0.934,0.007,0.601,0.024,0.332,0.106,NHANES,zero,1,0,0
NHANES__zero_flag,RF+DNN metastack,0.961,0.005,0.782,0.038,0.777,0.022,0.698,0.032,0.878,0.028,0.939,0.007,0.604,0.021,0.307,0.037,NHANES,zero,1,0,0
NHANES__zero_flag,xgb,0.957,0.009,0.767,0.063,0.759,0.016,0.656,0.028,0.901,0.023,0.93,0.006,0.54,0.036,0.102,0.056,NHANES,zero,1,0,0
NHANES__zero_flag_smote,ann,0.955,0.014,0.768,0.041,0.75,0.031,0.668,0.068,0.865,0.053,0.93,0.014,0.43,0.074,0.592,0.226,NHANES,zero,1,0,1
NHANES__zero_flag_smote,ann_xgb_ens,0.962,0.005,0.779,0.051,0.763,0.021,0.693,0.043,0.852,0.047,0.936,0.008,0.516,0.044,0.56,0.136,NHANES,zero,1,0,1
NHANES__zero_flag_smote,deep_ann,0.96,0.004,0.783,0.035,0.756,0.029,0.687,0.063,0.852,0.073,0.933,0.012,0.425,0.073,0.674,0.184,NHANES,zero,1,0,1
NHANES__zero_flag_smote,deepnetx2,0.954,0.008,0.774,0.041,0.76,0.041,0.665,0.065,0.894,0.048,0.931,0.017,0.433,0.063,0.606,0.171,NHANES,zero,1,0,1
NHANES__zero_flag_smote,lr,0.96,0.003,0.758,0.036,0.744,0.036,0.655,0.067,0.868,0.047,0.927,0.016,0.38,0.055,0.683,0.146,NHANES,zero,1,0,1
NHANES__zero_flag_smote,rf,0.963,0.003,0.772,0.051,0.768,0.015,0.695,0.055,0.865,0.048,0.936,0.008,0.561,0.041,0.476,0.104,NHANES,zero,1,0,1
NHANES__zero_flag_smote,RF+DNN metastack,0.962,0.004,0.795,0.038,0.761,0.022,0.699,0.069,0.845,0.06,0.935,0.012,0.607,0.023,0.335,0.097,NHANES,zero,1,0,1
NHANES__zero_flag_smote,xgb,0.957,0.01,0.76,0.054,0.737,0.024,0.688,0.048,0.802,0.09,0.931,0.006,0.515,0.039,0.465,0.233,NHANES,zero,1,0,1
NHANES__zero_flag_pair,ann,0.95,0.012,0.759,0.021,0.755,0.019,0.682,0.052,0.852,0.049,0.933,0.009,0.396,0.046,0.704,0.149,NHANES,zero,1,1,0
NHANES__zero_flag_pair,ann_xgb_ens,0.959,0.005,0.776,0.049,0.767,0.025,0.681,0.049,0.881,0.026,0.935,0.01,0.56,0.041,0.386,0.112,NHANES,zero,1,1,0
NHANES__zero_flag_pair,deep_ann,0.95,0.017,0.744,0.039,0.762,0.027,0.686,0.06,0.865,0.052,0.934,0.013,0.392,0.076,0.666,0.147,NHANES,zero,1,1,0
NHANES__zero_flag_pair,deepnetx2,0.946,0.017,0.758,0.023,0.76,0.033,0.685,0.066,0.862,0.044,0.934,0.014,0.435,0.018,0.579,0.199,NHANES,zero,1,1,0
NHANES__zero_flag_pair,lr,0.953,0.01,0.736,0.046,0.766,0.037,0.673,0.059,0.894,0.034,0.933,0.015,0.384,0.066,0.707,0.114,NHANES,zero,1,1,0
NHANES__zero_flag_pair,rf,0.966,0.005,0.79,0.047,0.775,0.024,0.692,0.047,0.885,0.038,0.938,0.009,0.606,0.026,0.3,0.102,NHANES,zero,1,1,0
NHANES__zero_flag_pair,RF+DNN metastack,0.966,0.005,0.781,0.048,0.771,0.022,0.707,0.049,0.852,0.032,0.938,0.009,0.603,0.024,0.316,0.073,NHANES,zero,1,1,0
NHANES__zero_flag_pair,xgb,0.956,0.006,0.772,0.059,0.76,0.01,0.672,0.027,0.875,0.025,0.933,0.005,0.545,0.028,0.166,0.03,NHANES,zero,1,1,0
NHANES__zero_flag_pair_smote,ann,0.951,0.012,0.767,0.037,0.764,0.015,0.704,0.034,0.839,0.053,0.937,0.005,0.433,0.061,0.737,0.1,NHANES,zero,1,1,1
NHANES__zero_flag_pair_smote,ann_xgb_ens,0.956,0.007,0.769,0.046,0.763,0.025,0.683,0.06,0.872,0.037,0.934,0.011,0.503,0.048,0.515,0.178,NHANES,zero,1,1,1
NHANES__zero_flag_pair_smote,deep_ann,0.955,0.011,0.779,0.024,0.761,0.018,0.684,0.035,0.861,0.044,0.934,0.007,0.404,0.065,0.736,0.08,NHANES,zero,1,1,1
NHANES__zero_flag_pair_smote,deepnetx2,0.952,0.016,0.773,0.05,0.744,0.028,0.689,0.074,0.822,0.08,0.931,0.012,0.411,0.078,0.717,0.243,NHANES,zero,1,1,1
NHANES__zero_flag_pair_smote,lr,0.951,0.012,0.731,0.05,0.766,0.034,0.672,0.054,0.894,0.03,0.933,0.013,0.4,0.071,0.679,0.091,NHANES,zero,1,1,1
NHANES__zero_flag_pair_smote,rf,0.964,0.004,0.779,0.045,0.763,0.02,0.7,0.063,0.848,0.057,0.936,0.01,0.549,0.044,0.49,0.119,NHANES,zero,1,1,1
NHANES__zero_flag_pair_smote,RF+DNN metastack,0.967,0.005,0.786,0.047,0.782,0.026,0.726,0.047,0.852,0.045,0.942,0.008,0.603,0.027,0.347,0.054,NHANES,zero,1,1,1
NHANES__zero_flag_pair_smote,xgb,0.957,0.004,0.763,0.047,0.758,0.011,0.694,0.045,0.842,0.062,0.935,0.005,0.516,0.028,0.438,0.202,NHANES,zero,1,1,1
NHANES__median,ann,0.837,0.085,0.446,0.151,0.49,0.109,0.421,0.119,0.614,0.133,0.837,0.07,-0.401,0.507,0.608,0.111,NHANES,median,0,0,0
NHANES__median,ann_xgb_ens,0.95,0.007,0.742,0.067,0.727,0.031,0.702,0.039,0.765,0.106,0.931,0.004,0.532,0.042,0.411,0.079,NHANES,median,0,0,0
NHANES__median,deep_ann,0.796,0.113,0.382,0.119,0.445,0.108,0.344,0.107,0.67,0.032,0.773,0.132,-0.485,0.46,0.494,0.092,NHANES,median,0,0,0
NHANES__median,deepnetx2,0.766,0.083,0.334,0.088,0.401,0.107,0.333,0.105,0.537,0.148,0.798,0.075,-0.721,0.511,0.482,0.045,NHANES,median,0,0,0
NHANES__median,lr,0.771,0.022,0.326,0.041,0.348,0.033,0.281,0.027,0.495,0.143,0.78,0.046,-0.962,0.085,0.665,0.065,NHANES,median,0,0,0
NHANES__median,rf,0.951,0.006,0.751,0.067,0.745,0.036,0.672,0.048,0.852,0.113,0.93,0.008,0.551,0.038,0.286,0.1,NHANES,median,0,0,0
NHANES__median,RF+DNN metastack,0.956,0.009,0.76,0.069,0.757,0.023,0.685,0.031,0.851,0.071,0.934,0.006,0.564,0.032,0.272,0.028,NHANES,median,0,0,0
NHANES__median,xgb,0.951,0.008,0.738,0.062,0.714,0.012,0.65,0.026,0.795,0.054,0.923,0.004,0.501,0.042,0.25,0.078,NHANES,median,0,0,0
NHANES__median_smote,ann,0.862,0.079,0.519,0.16,0.551,0.134,0.458,0.134,0.709,0.098,0.849,0.079,-0.191,0.429,0.63,0.108,NHANES,median,0,0,1
NHANES__median_smote,ann_xgb_ens,0.949,0.008,0.741,0.055,0.72,0.032,0.674,0.021,0.776,0.064,0.927,0.006,0.467,0.056,0.555,0.069,NHANES,median,0,0,1
NHANES__median_smote,deep_ann,0.793,0.116,0.389,0.196,0.445,0.172,0.342,0.166,0.684,0.149,0.769,0.118,-0.717,0.618,0.579,0.118,NHANES,median,0,0,1
NHANES__median_smote,deepnetx2,0.832,0.054,0.426,0.114,0.449,0.098,0.422,0.124,0.545,0.189,0.833,0.081,-0.743,0.52,0.657,0.169,NHANES,median,0,0,1
NHANES__median_smote,lr,0.774,0.021,0.326,0.034,0.364,0.031,0.301,0.032,0.498,0.141,0.793,0.042,-0.917,0.102,0.677,0.072,NHANES,median,0,0,1
NHANES__median_smote,rf,0.955,0.007,0.751,0.054,0.728,0.025,0.661,0.061,0.825,0.101,0.925,0.011,0.497,0.037,0.465,0.12,NHANES,median,0,0,1
NHANES__median_smote,RF+DNN metastack,0.957,0.009,0.762,0.067,0.754,0.019,0.683,0.035,0.848,0.067,0.933,0.005,0.565,0.034,0.267,0.032,NHANES,median,0,0,1
NHANES__median_smote,xgb,0.948,0.009,0.733,0.056,0.722,0.027,0.659,0.04,0.802,0.048,0.925,0.009,0.466,0.048,0.463,0.144,NHANES,median,0,0,1
NHANES__median_pair,ann,0.815,0.089,0.406,0.156,0.479,0.111,0.383,0.131,0.697,0.07,0.794,0.117,-0.309,0.363,0.529,0.101,NHANES,median,0,1,0
NHANES__median_pair,ann_xgb_ens,0.952,0.006,0.748,0.052,0.735,0.021,0.664,0.057,0.839,0.098,0.927,0.006,0.538,0.045,0.308,0.13,NHANES,median,0,1,0
NHANES__median_pair,deep_ann,0.845,0.016,0.448,0.044,0.486,0.035,0.432,0.032,0.567,0.093,0.856,0.015,-0.365,0.123,0.605,0.05,NHANES,median,0,1,0
NHANES__median_pair,deepnetx2,0.818,0.055,0.394,0.075,0.443,0.089,0.383,0.111,0.574,0.121,0.809,0.107,-0.477,0.488,0.529,0.05,NHANES,median,0,1,0
NHANES__median_pair,lr,0.8,0.011,0.353,0.029,0.396,0.025,0.344,0.057,0.515,0.145,0.812,0.045,-0.763,0.111,0.664,0.078,NHANES,median,0,1,0
NHANES__median_pair,rf,0.949,0.005,0.744,0.063,0.742,0.022,0.677,0.057,0.832,0.08,0.93,0.008,0.54,0.035,0.294,0.098,NHANES,median,0,1,0
NHANES__median_pair,RF+DNN metastack,0.952,0.007,0.746,0.071,0.751,0.012,0.692,0.043,0.825,0.034,0.934,0.007,0.547,0.031,0.284,0.053,NHANES,median,0,1,0
NHANES__median_pair,xgb,0.954,0.007,0.749,0.058,0.739,0.009,0.64,0.01,0.875,0.01,0.925,0.003,0.504,0.053,0.127,0.018,NHANES,median,0,1,0
NHANES__median_pair_smote,ann,0.907,0.013,0.614,0.027,0.609,0.051,0.545,0.063,0.713,0.12,0.89,0.022,0.127,0.132,0.632,0.105,NHANES,median,0,1,1
NHANES__median_pair_smote,ann_xgb_ens,0.948,0.007,0.741,0.038,0.741,0.022,0.679,0.029,0.819,0.043,0.931,0.006,0.446,0.047,0.614,0.088,NHANES,median,0,1,1
NHANES__median_pair_smote,deep_ann,0.915,0.014,0.624,0.046,0.626,0.025,0.541,0.042,0.756,0.089,0.891,0.013,0.029,0.107,0.703,0.072,NHANES,median,0,1,1
NHANES__median_pair_smote,deepnetx2,0.871,0.035,0.502,0.105,0.538,0.062,0.487,0.092,0.614,0.066,0.871,0.029,-0.556,0.559,0.718,0.15,NHANES,median,0,1,1
NHANES__median_pair_smote,lr,0.802,0.011,0.346,0.022,0.392,0.047,0.342,0.055,0.521,0.171,0.81,0.047,-0.703,0.139,0.668,0.106,NHANES,median,0,1,1
NHANES__median_pair_smote,rf,0.949,0.01,0.74,0.07,0.727,0.028,0.667,0.072,0.815,0.09,0.926,0.012,0.485,0.047,0.472,0.126,NHANES,median,0,1,1
NHANES__median_pair_smote,RF+DNN metastack,0.951,0.007,0.746,0.072,0.758,0.013,0.704,0.045,0.825,0.034,0.936,0.007,0.547,0.031,0.301,0.048,NHANES,median,0,1,1
NHANES__median_pair_smote,xgb,0.949,0.01,0.743,0.045,0.716,0.015,0.664,0.018,0.779,0.033,0.925,0.004,0.469,0.041,0.527,0.073,NHANES,median,0,1,1
NHANES__median_flag,ann,0.961,0.005,0.772,0.027,0.758,0.033,0.685,0.065,0.855,0.039,0.933,0.014,0.421,0.082,0.663,0.121,NHANES,median,1,0,0
NHANES__median_flag,ann_xgb_ens,0.959,0.006,0.776,0.052,0.76,0.026,0.668,0.056,0.888,0.031,0.932,0.012,0.567,0.044,0.297,0.122,NHANES,median,1,0,0
NHANES__median_flag,deep_ann,0.958,0.005,0.767,0.037,0.757,0.031,0.664,0.053,0.885,0.023,0.931,0.013,0.404,0.078,0.604,0.14,NHANES,median,1,0,0
NHANES__median_flag,deepnetx2,0.953,0.007,0.766,0.037,0.756,0.032,0.674,0.064,0.868,0.041,0.932,0.014,0.382,0.064,0.643,0.186,NHANES,median,1,0,0
NHANES__median_flag,lr,0.96,0.004,0.754,0.037,0.761,0.019,0.673,0.04,0.878,0.031,0.933,0.008,0.354,0.053,0.748,0.092,NHANES,median,1,0,0
NHANES__median_flag,rf,0.963,0.003,0.796,0.048,0.764,0.023,0.704,0.059,0.852,0.105,0.937,0.005,0.609,0.012,0.347,0.107,NHANES,median,1,0,0
NHANES__median_flag,RF+DNN metastack,0.961,0.004,0.793,0.038,0.771,0.032,0.699,0.055,0.868,0.072,0.938,0.011,0.607,0.014,0.303,0.081,NHANES,median,1,0,0
NHANES__median_flag,xgb,0.957,0.007,0.767,0.059,0.753,0.02,0.665,0.046,0.871,0.037,0.93,0.009,0.546,0.027,0.131,0.06,NHANES,median,1,0,0
NHANES__median_flag_smote,ann,0.954,0.013,0.786,0.028,0.757,0.012,0.697,0.037,0.832,0.056,0.935,0.004,0.444,0.071,0.71,0.111,NHANES,median,1,0,1
NHANES__median_flag_smote,ann_xgb_ens,0.958,0.003,0.776,0.049,0.754,0.042,0.665,0.072,0.878,0.042,0.93,0.018,0.519,0.059,0.465,0.222,NHANES,median,1,0,1
NHANES__median_flag_smote,deep_ann,0.953,0.014,0.781,0.024,0.771,0.031,0.7,0.057,0.865,0.046,0.938,0.011,0.434,0.078,0.723,0.126,NHANES,median,1,0,1
NHANES__median_flag_smote,deepnetx2,0.959,0.005,0.779,0.029,0.766,0.021,0.71,0.043,0.839,0.067,0.938,0.007,0.44,0.085,0.707,0.099,NHANES,median,1,0,1
NHANES__median_flag_smote,lr,0.96,0.004,0.754,0.034,0.745,0.032,0.66,0.069,0.865,0.054,0.928,0.015,0.39,0.056,0.69,0.158,NHANES,median,1,0,1
NHANES__median_flag_smote,rf,0.961,0.006,0.789,0.046,0.755,0.013,0.699,0.05,0.832,0.085,0.935,0.005,0.568,0.035,0.526,0.127,NHANES,median,1,0,1
NHANES__median_flag_smote,RF+DNN metastack,0.961,0.004,0.795,0.035,0.765,0.006,0.743,0.018,0.789,0.013,0.941,0.002,0.607,0.018,0.413,0.054,NHANES,median,1,0,1
NHANES__median_flag_smote,xgb,0.956,0.008,0.764,0.06,0.756,0.036,0.693,0.045,0.835,0.061,0.935,0.01,0.532,0.048,0.405,0.164,NHANES,median,1,0,1
NHANES__median_flag_pair,ann,0.952,0.013,0.764,0.046,0.759,0.026,0.689,0.061,0.852,0.061,0.934,0.011,0.444,0.052,0.624,0.096,NHANES,median,1,1,0
NHANES__median_flag_pair,ann_xgb_ens,0.958,0.003,0.781,0.043,0.763,0.036,0.671,0.055,0.888,0.027,0.933,0.013,0.56,0.042,0.295,0.118,NHANES,median,1,1,0
NHANES__median_flag_pair,deep_ann,0.946,0.014,0.74,0.036,0.757,0.026,0.67,0.049,0.875,0.047,0.932,0.01,0.407,0.078,0.575,0.204,NHANES,median,1,1,0
NHANES__median_flag_pair,deepnetx2,0.953,0.008,0.76,0.032,0.763,0.025,0.67,0.027,0.888,0.036,0.933,0.007,0.446,0.056,0.517,0.158,NHANES,median,1,1,0
NHANES__median_flag_pair,lr,0.954,0.009,0.741,0.048,0.765,0.017,0.675,0.035,0.885,0.041,0.934,0.007,0.365,0.068,0.746,0.076,NHANES,median,1,1,0
NHANES__median_flag_pair,rf,0.958,0.005,0.788,0.049,0.761,0.026,0.708,0.072,0.845,0.117,0.936,0.006,0.601,0.018,0.3,0.139,NHANES,median,1,1,0
NHANES__median_flag_pair,RF+DNN metastack,0.963,0.005,0.789,0.043,0.778,0.006,0.713,0.022,0.858,0.034,0.941,0.002,0.606,0.014,0.308,0.033,NHANES,median,1,1,0
NHANES__median_flag_pair,xgb,0.959,0.007,0.78,0.061,0.762,0.026,0.686,0.039,0.861,0.067,0.935,0.007,0.551,0.035,0.17,0.113,NHANES,median,1,1,0
NHANES__median_flag_pair_smote,ann,0.948,0.023,0.776,0.048,0.754,0.016,0.698,0.058,0.829,0.061,0.934,0.009,0.472,0.073,0.679,0.184,NHANES,median,1,1,1
NHANES__median_flag_pair_smote,ann_xgb_ens,0.959,0.003,0.793,0.043,0.762,0.012,0.686,0.04,0.862,0.04,0.935,0.006,0.518,0.051,0.556,0.187,NHANES,median,1,1,1
NHANES__median_flag_pair_smote,deep_ann,0.952,0.013,0.774,0.047,0.758,0.022,0.696,0.043,0.839,0.078,0.935,0.006,0.43,0.06,0.739,0.146,NHANES,median,1,1,1
NHANES__median_flag_pair_smote,deepnetx2,0.955,0.013,0.778,0.048,0.757,0.028,0.686,0.066,0.852,0.043,0.933,0.012,0.439,0.054,0.661,0.168,NHANES,median,1,1,1
NHANES__median_flag_pair_smote,lr,0.954,0.009,0.736,0.049,0.764,0.021,0.676,0.032,0.881,0.035,0.934,0.007,0.397,0.075,0.73,0.052,NHANES,median,1,1,1
NHANES__median_flag_pair_smote,rf,0.963,0.005,0.789,0.053,0.765,0.013,0.696,0.072,0.862,0.065,0.936,0.009,0.574,0.036,0.444,0.143,NHANES,median,1,1,1
NHANES__median_flag_pair_smote,RF+DNN metastack,0.963,0.005,0.789,0.047,0.777,0.006,0.708,0.022,0.861,0.032,0.94,0.002,0.605,0.017,0.29,0.037,NHANES,median,1,1,1
NHANES__median_flag_pair_smote,xgb,0.958,0.005,0.786,0.047,0.761,0.02,0.702,0.054,0.839,0.064,0.936,0.008,0.535,0.036,0.448,0.258,NHANES,median,1,1,1
PIMA__zero,ann,0.812,0.028,0.691,0.017,0.65,0.018,0.583,0.09,0.768,0.139,0.711,0.05,0.245,0.065,0.4,0.136,PIMA,zero,0,0,0
PIMA__zero,ann_xgb_ens,0.802,0.026,0.659,0.028,0.641,0.03,0.57,0.047,0.746,0.106,0.71,0.033,0.226,0.05,0.297,0.14,PIMA,zero,0,0,0
PIMA__zero,deep_ann,0.807,0.03,0.682,0.031,0.622,0.098,0.607,0.058,0.671,0.184,0.728,0.04,0.25,0.059,0.444,0.129,PIMA,zero,0,0,0
PIMA__zero,deepnetx2,0.81,0.026,0.689,0.045,0.669,0.049,0.621,0.052,0.731,0.085,0.749,0.037,0.243,0.053,0.428,0.095,PIMA,zero,0,0,0
PIMA__zero,lr,0.822,0.027,0.723,0.031,0.631,0.037,0.583,0.07,0.705,0.113,0.714,0.04,0.233,0.087,0.488,0.086,PIMA,zero,0,0,0
PIMA__zero,rf,0.816,0.024,0.677,0.026,0.662,0.025,0.572,0.05,0.802,0.108,0.715,0.033,0.263,0.051,0.34,0.093,PIMA,zero,0,0,0
PIMA__zero,RF+DNN metastack,0.827,0.02,0.688,0.031,0.689,0.036,0.598,0.058,0.821,0.067,0.739,0.047,0.287,0.04,0.323,0.055,PIMA,zero,0,0,0
PIMA__zero,xgb,0.783,0.029,0.634,0.019,0.633,0.039,0.56,0.023,0.739,0.121,0.704,0.015,0.121,0.042,0.234,0.12,PIMA,zero,0,0,0
PIMA__zero_smote,ann,0.814,0.027,0.678,0.01,0.648,0.04,0.584,0.088,0.764,0.154,0.712,0.054,0.232,0.066,0.429,0.084,PIMA,zero,0,0,1
PIMA__zero_smote,ann_xgb_ens,0.799,0.026,0.649,0.027,0.624,0.029,0.565,0.07,0.723,0.138,0.697,0.057,0.204,0.056,0.395,0.171,PIMA,zero,0,0,1
PIMA__zero_smote,deep_ann,0.803,0.031,0.658,0.034,0.646,0.027,0.585,0.078,0.746,0.128,0.714,0.054,0.218,0.042,0.474,0.114,PIMA,zero,0,0,1
PIMA__zero_smote,deepnetx2,0.81,0.039,0.673,0.052,0.676,0.045,0.612,0.073,0.765,0.075,0.743,0.046,0.187,0.101,0.462,0.046,PIMA,zero,0,0,1
PIMA__zero_smote,lr,0.822,0.024,0.721,0.026,0.636,0.026,0.617,0.076,0.675,0.112,0.732,0.033,0.233,0.094,0.53,0.121,PIMA,zero,0,0,1
PIMA__zero_smote,rf,0.813,0.027,0.67,0.02,0.654,0.021,0.603,0.071,0.735,0.111,0.728,0.049,0.243,0.065,0.454,0.124,PIMA,zero,0,0,1
PIMA__zero_smote,RF+DNN metastack,0.826,0.023,0.688,0.034,0.689,0.033,0.609,0.058,0.798,0.028,0.747,0.04,0.287,0.044,0.35,0.052,PIMA,zero,0,0,1
PIMA__zero_smote,xgb,0.786,0.026,0.641,0.022,0.626,0.038,0.543,0.034,0.75,0.105,0.69,0.027,0.101,0.066,0.245,0.159,PIMA,zero,0,0,1
PIMA__zero_pair,ann,0.789,0.04,0.637,0.033,0.578,0.108,0.6,0.066,0.592,0.176,0.712,0.043,0.208,0.065,0.499,0.14,PIMA,zero,0,1,0
PIMA__zero_pair,ann_xgb_ens,0.806,0.022,0.662,0.032,0.641,0.032,0.567,0.069,0.765,0.13,0.702,0.052,0.219,0.047,0.293,0.165,PIMA,zero,0,1,0
PIMA__zero_pair,deep_ann,0.818,0.024,0.688,0.031,0.66,0.033,0.579,0.079,0.791,0.12,0.715,0.049,0.254,0.047,0.393,0.143,PIMA,zero,0,1,0
PIMA__zero_pair,deepnetx2,0.816,0.022,0.684,0.034,0.667,0.035,0.56,0.051,0.828,0.047,0.71,0.044,0.256,0.037,0.326,0.081,PIMA,zero,0,1,0
PIMA__zero_pair,lr,0.815,0.024,0.706,0.039,0.639,0.028,0.6,0.076,0.701,0.102,0.724,0.039,0.218,0.079,0.507,0.101,PIMA,zero,0,1,0
PIMA__zero_pair,rf,0.82,0.025,0.671,0.042,0.666,0.029,0.571,0.05,0.81,0.086,0.716,0.037,0.266,0.065,0.329,0.104,PIMA,zero,0,1,0
PIMA__zero_pair,RF+DNN metastack,0.83,0.019,0.695,0.03,0.677,0.043,0.588,0.052,0.806,0.072,0.732,0.044,0.292,0.038,0.34,0.047,PIMA,zero,0,1,0
PIMA__zero_pair,xgb,0.788,0.025,0.639,0.034,0.638,0.02,0.558,0.063,0.765,0.1,0.697,0.046,0.107,0.064,0.185,0.132,PIMA,zero,0,1,0
PIMA__zero_pair_smote,ann,0.816,0.021,0.678,0.023,0.639,0.016,0.612,0.103,0.712,0.157,0.72,0.06,0.246,0.059,0.449,0.14,PIMA,zero,0,1,1
PIMA__zero_pair_smote,ann_xgb_ens,0.804,0.024,0.659,0.046,0.65,0.027,0.584,0.056,0.757,0.134,0.719,0.029,0.206,0.053,0.369,0.182,PIMA,zero,0,1,1
PIMA__zero_pair_smote,deep_ann,0.815,0.029,0.686,0.056,0.655,0.029,0.589,0.089,0.762,0.087,0.717,0.06,0.215,0.084,0.471,0.069,PIMA,zero,0,1,1
PIMA__zero_pair_smote,deepnetx2,0.812,0.026,0.687,0.015,0.653,0.039,0.567,0.043,0.779,0.091,0.712,0.035,0.189,0.067,0.467,0.056,PIMA,zero,0,1,1
PIMA__zero_pair_smote,lr,0.813,0.022,0.705,0.033,0.633,0.023,0.599,0.075,0.69,0.103,0.721,0.038,0.219,0.083,0.503,0.094,PIMA,zero,0,1,1
PIMA__zero_pair_smote,rf,0.814,0.031,0.662,0.044,0.659,0.037,0.599,0.052,0.749,0.127,0.732,0.03,0.244,0.081,0.464,0.137,PIMA,zero,0,1,1
PIMA__zero_pair_smote,RF+DNN metastack,0.831,0.017,0.691,0.021,0.677,0.029,0.587,0.03,0.802,0.062,0.733,0.024,0.293,0.031,0.34,0.066,PIMA,zero,0,1,1
PIMA__zero_pair_smote,xgb,0.793,0.022,0.644,0.04,0.643,0.039,0.557,0.059,0.776,0.106,0.701,0.043,0.104,0.06,0.231,0.188,PIMA,zero,0,1,1
PIMA__zero_flag,ann,0.805,0.03,0.683,0.049,0.625,0.048,0.635,0.058,0.634,0.124,0.74,0.016,0.238,0.058,0.466,0.119,PIMA,zero,1,0,0
PIMA__zero_flag,ann_xgb_ens,0.802,0.024,0.662,0.023,0.65,0.027,0.574,0.045,0.761,0.102,0.715,0.033,0.228,0.055,0.338,0.127,PIMA,zero,1,0,0
PIMA__zero_flag,deep_ann,0.816,0.024,0.706,0.038,0.64,0.039,0.612,0.08,0.686,0.088,0.729,0.056,0.218,0.067,0.489,0.1,PIMA,zero,1,0,0
PIMA__zero_flag,deepnetx2,0.799,0.052,0.674,0.05,0.619,0.056,0.596,0.059,0.649,0.076,0.723,0.039,0.227,0.061,0.397,0.043,PIMA,zero,1,0,0
PIMA__zero_flag,lr,0.823,0.03,0.717,0.036,0.654,0.039,0.618,0.061,0.705,0.098,0.741,0.031,0.241,0.1,0.505,0.088,PIMA,zero,1,0,0
PIMA__zero_flag,rf,0.818,0.023,0.68,0.022,0.684,0.022,0.575,0.032,0.847,0.047,0.727,0.025,0.264,0.051,0.326,0.048,PIMA,zero,1,0,0
PIMA__zero_flag,RF+DNN metastack,0.83,0.018,0.699,0.023,0.7,0.043,0.612,0.057,0.821,0.032,0.752,0.049,0.293,0.03,0.338,0.012,PIMA,zero,1,0,0
PIMA__zero_flag,xgb,0.78,0.027,0.631,0.016,0.609,0.052,0.551,0.032,0.69,0.114,0.695,0.026,0.115,0.053,0.283,0.127,PIMA,zero,1,0,0
PIMA__zero_flag_smote,ann,0.805,0.038,0.67,0.036,0.614,0.084,0.601,0.051,0.645,0.156,0.725,0.035,0.217,0.087,0.484,0.12,PIMA,zero,1,0,1
PIMA__zero_flag_smote,ann_xgb_ens,0.799,0.027,0.654,0.024,0.635,0.041,0.566,0.078,0.75,0.14,0.699,0.06,0.205,0.061,0.376,0.189,PIMA,zero,1,0,1
PIMA__zero_flag_smote,deep_ann,0.814,0.033,0.689,0.034,0.655,0.052,0.566,0.068,0.794,0.116,0.708,0.056,0.185,0.103,0.481,0.116,PIMA,zero,1,0,1
PIMA__zero_flag_smote,deepnetx2,0.797,0.029,0.658,0.025,0.622,0.036,0.599,0.093,0.686,0.171,0.712,0.053,0.184,0.039,0.504,0.131,PIMA,zero,1,0,1
PIMA__zero_flag_smote,lr,0.82,0.026,0.716,0.029,0.647,0.046,0.61,0.069,0.697,0.089,0.734,0.04,0.232,0.101,0.506,0.081,PIMA,zero,1,0,1
PIMA__zero_flag_smote,rf,0.815,0.021,0.678,0.01,0.669,0.028,0.592,0.044,0.78,0.103,0.732,0.026,0.244,0.06,0.43,0.104,PIMA,zero,1,0,1
PIMA__zero_flag_smote,RF+DNN metastack,0.83,0.022,0.697,0.026,0.693,0.037,0.612,0.052,0.802,0.032,0.751,0.039,0.294,0.036,0.349,0.023,PIMA,zero,1,0,1
PIMA__zero_flag_smote,xgb,0.787,0.025,0.645,0.023,0.631,0.043,0.544,0.039,0.761,0.106,0.691,0.032,0.108,0.064,0.24,0.146,PIMA,zero,1,0,1
PIMA__zero_flag_pair,ann,0.82,0.02,0.694,0.04,0.627,0.05,0.621,0.087,0.685,0.215,0.725,0.037,0.243,0.039,0.416,0.145,PIMA,zero,1,1,0
PIMA__zero_flag_pair,ann_xgb_ens,0.805,0.019,0.664,0.026,0.636,0.026,0.575,0.059,0.735,0.129,0.708,0.042,0.214,0.042,0.324,0.171,PIMA,zero,1,1,0
PIMA__zero_flag_pair,deep_ann,0.814,0.017,0.695,0.029,0.63,0.063,0.632,0.06,0.659,0.173,0.738,0.025,0.234,0.047,0.474,0.15,PIMA,zero,1,1,0
PIMA__zero_flag_pair,deepnetx2,0.815,0.026,0.699,0.037,0.649,0.033,0.607,0.043,0.701,0.053,0.736,0.029,0.237,0.063,0.419,0.055,PIMA,zero,1,1,0
PIMA__zero_flag_pair,lr,0.815,0.022,0.705,0.031,0.642,0.021,0.607,0.074,0.701,0.104,0.728,0.038,0.228,0.084,0.483,0.101,PIMA,zero,1,1,0
PIMA__zero_flag_pair,rf,0.819,0.022,0.68,0.029,0.674,0.05,0.586,0.049,0.798,0.091,0.73,0.045,0.27,0.05,0.35,0.093,PIMA,zero,1,1,0
PIMA__zero_flag_pair,RF+DNN metastack,0.829,0.016,0.685,0.024,0.681,0.03,0.592,0.047,0.806,0.011,0.736,0.039,0.291,0.031,0.336,0.028,PIMA,zero,1,1,0
PIMA__zero_flag_pair,xgb,0.789,0.021,0.64,0.028,0.611,0.035,0.571,0.044,0.671,0.115,0.704,0.025,0.102,0.062,0.3,0.15,PIMA,zero,1,1,0
PIMA__zero_flag_pair_smote,ann,0.813,0.033,0.674,0.052,0.648,0.044,0.572,0.087,0.775,0.138,0.706,0.058,0.213,0.1,0.424,0.125,PIMA,zero,1,1,1
PIMA__zero_flag_pair_smote,ann_xgb_ens,0.799,0.025,0.651,0.038,0.614,0.06,0.543,0.06,0.742,0.178,0.682,0.043,0.199,0.054,0.359,0.204,PIMA,zero,1,1,1
PIMA__zero_flag_pair_smote,deep_ann,0.823,0.029,0.691,0.049,0.67,0.045,0.613,0.067,0.76,0.134,0.74,0.051,0.234,0.062,0.466,0.102,PIMA,zero,1,1,1
PIMA__zero_flag_pair_smote,deepnetx2,0.814,0.029,0.673,0.048,0.638,0.065,0.585,0.035,0.727,0.176,0.72,0.027,0.206,0.06,0.481,0.117,PIMA,zero,1,1,1
PIMA__zero_flag_pair_smote,lr,0.815,0.02,0.703,0.025,0.648,0.043,0.598,0.083,0.731,0.116,0.723,0.057,0.222,0.085,0.457,0.093,PIMA,zero,1,1,1
PIMA__zero_flag_pair_smote,rf,0.816,0.025,0.669,0.031,0.666,0.046,0.607,0.069,0.757,0.123,0.737,0.045,0.242,0.074,0.471,0.112,PIMA,zero,1,1,1
PIMA__zero_flag_pair_smote,RF+DNN metastack,0.832,0.018,0.692,0.026,0.694,0.036,0.603,0.041,0.821,0.06,0.747,0.034,0.297,0.031,0.338,0.033,PIMA,zero,1,1,1
PIMA__zero_flag_pair_smote,xgb,0.785,0.021,0.633,0.031,0.642,0.02,0.545,0.039,0.791,0.08,0.693,0.034,0.087,0.063,0.217,0.147,PIMA,zero,1,1,1
PIMA__median,ann,0.83,0.024,0.689,0.05,0.674,0.049,0.625,0.068,0.749,0.124,0.749,0.043,0.259,0.092,0.436,0.147,PIMA,median,0,0,0
PIMA__median,ann_xgb_ens,0.807,0.022,0.671,0.022,0.639,0.062,0.582,0.043,0.724,0.135,0.72,0.032,0.237,0.046,0.338,0.101,PIMA,median,0,0,0
PIMA__median,deep_ann,0.821,0.018,0.688,0.03,0.664,0.033,0.62,0.067,0.735,0.117,0.742,0.032,0.249,0.054,0.447,0.093,PIMA,median,0,0,0
PIMA__median,deepnetx2,0.832,0.017,0.687,0.038,0.666,0.048,0.605,0.07,0.791,0.201,0.732,0.03,0.201,0.107,0.44,0.123,PIMA,median,0,0,0
PIMA__median,lr,0.829,0.025,0.716,0.035,0.641,0.031,0.584,0.081,0.739,0.132,0.712,0.05,0.248,0.099,0.446,0.117,PIMA,median,0,0,0
PIMA__median,rf,0.82,0.024,0.687,0.028,0.676,0.026,0.6,0.038,0.787,0.102,0.738,0.024,0.272,0.054,0.355,0.125,PIMA,median,0,0,0
PIMA__median,RF+DNN metastack,0.834,0.019,0.701,0.028,0.68,0.027,0.589,0.036,0.806,0.042,0.734,0.028,0.301,0.033,0.328,0.031,PIMA,median,0,0,0
PIMA__median,xgb,0.788,0.026,0.651,0.018,0.628,0.051,0.567,0.026,0.72,0.139,0.708,0.019,0.131,0.073,0.267,0.147,PIMA,median,0,0,0
PIMA__median_smote,ann,0.822,0.014,0.67,0.025,0.671,0.025,0.576,0.056,0.829,0.129,0.719,0.033,0.253,0.032,0.414,0.092,PIMA,median,0,0,1
PIMA__median_smote,ann_xgb_ens,0.811,0.016,0.669,0.013,0.64,0.038,0.57,0.014,0.739,0.104,0.714,0.012,0.216,0.041,0.395,0.113,PIMA,median,0,0,1
PIMA__median_smote,deep_ann,0.821,0.01,0.678,0.01,0.642,0.034,0.599,0.042,0.713,0.148,0.727,0.026,0.22,0.051,0.548,0.175,PIMA,median,0,0,1
PIMA__median_smote,deepnetx2,0.822,0.012,0.679,0.036,0.663,0.03,0.568,0.04,0.81,0.104,0.715,0.025,0.166,0.08,0.476,0.054,PIMA,median,0,0,1
PIMA__median_smote,lr,0.828,0.022,0.717,0.03,0.644,0.024,0.592,0.077,0.728,0.107,0.719,0.047,0.242,0.099,0.467,0.073,PIMA,median,0,0,1
PIMA__median_smote,rf,0.819,0.022,0.681,0.033,0.658,0.025,0.578,0.053,0.783,0.113,0.716,0.049,0.253,0.06,0.401,0.139,PIMA,median,0,0,1
PIMA__median_smote,RF+DNN metastack,0.84,0.019,0.702,0.03,0.679,0.017,0.617,0.034,0.758,0.036,0.75,0.022,0.311,0.034,0.366,0.029,PIMA,median,0,0,1
PIMA__median_smote,xgb,0.793,0.023,0.653,0.01,0.634,0.049,0.57,0.019,0.727,0.13,0.712,0.016,0.125,0.056,0.325,0.16,PIMA,median,0,0,1
PIMA__median_pair,ann,0.82,0.023,0.691,0.055,0.634,0.064,0.602,0.055,0.683,0.129,0.729,0.035,0.248,0.048,0.46,0.039,PIMA,median,0,1,0
PIMA__median_pair,ann_xgb_ens,0.818,0.013,0.672,0.032,0.659,0.041,0.605,0.036,0.739,0.121,0.737,0.019,0.246,0.031,0.381,0.145,PIMA,median,0,1,0
PIMA__median_pair,deep_ann,0.813,0.022,0.665,0.046,0.65,0.038,0.61,0.068,0.702,0.043,0.736,0.039,0.236,0.04,0.441,0.079,PIMA,median,0,1,0
PIMA__median_pair,deepnetx2,0.827,0.016,0.695,0.041,0.661,0.027,0.594,0.08,0.772,0.117,0.724,0.046,0.234,0.079,0.414,0.074,PIMA,median,0,1,0
PIMA__median_pair,lr,0.823,0.02,0.707,0.041,0.648,0.033,0.61,0.09,0.716,0.116,0.728,0.053,0.241,0.086,0.48,0.09,PIMA,median,0,1,0
PIMA__median_pair,rf,0.824,0.023,0.692,0.033,0.676,0.035,0.594,0.034,0.79,0.087,0.737,0.026,0.276,0.056,0.361,0.116,PIMA,median,0,1,0
PIMA__median_pair,RF+DNN metastack,0.835,0.015,0.701,0.032,0.689,0.045,0.6,0.05,0.813,0.06,0.743,0.043,0.302,0.03,0.341,0.042,PIMA,median,0,1,0
PIMA__median_pair,xgb,0.803,0.019,0.657,0.031,0.633,0.03,0.554,0.048,0.761,0.131,0.695,0.033,0.151,0.066,0.214,0.15,PIMA,median,0,1,0
PIMA__median_pair_smote,ann,0.833,0.004,0.685,0.033,0.682,0.008,0.605,0.061,0.802,0.112,0.74,0.035,0.263,0.033,0.455,0.113,PIMA,median,0,1,1
PIMA__median_pair_smote,ann_xgb_ens,0.815,0.018,0.676,0.026,0.652,0.038,0.583,0.042,0.746,0.088,0.723,0.033,0.225,0.063,0.405,0.113,PIMA,median,0,1,1
PIMA__median_pair_smote,deep_ann,0.829,0.014,0.697,0.014,0.689,0.021,0.645,0.04,0.746,0.075,0.766,0.016,0.227,0.059,0.525,0.084,PIMA,median,0,1,1
PIMA__median_pair_smote,deepnetx2,0.824,0.017,0.686,0.028,0.642,0.053,0.559,0.061,0.795,0.182,0.698,0.045,0.188,0.068,0.495,0.104,PIMA,median,0,1,1
PIMA__median_pair_smote,lr,0.821,0.017,0.705,0.037,0.643,0.031,0.605,0.082,0.709,0.11,0.725,0.051,0.235,0.086,0.466,0.087,PIMA,median,0,1,1
PIMA__median_pair_smote,rf,0.82,0.024,0.688,0.023,0.635,0.029,0.577,0.072,0.743,0.157,0.706,0.043,0.25,0.074,0.449,0.171,PIMA,median,0,1,1
PIMA__median_pair_smote,RF+DNN metastack,0.836,0.015,0.705,0.023,0.69,0.025,0.617,0.045,0.787,0.042,0.753,0.031,0.305,0.026,0.348,0.049,PIMA,median,0,1,1
PIMA__median_pair_smote,xgb,0.802,0.021,0.66,0.023,0.621,0.042,0.555,0.045,0.727,0.151,0.695,0.03,0.127,0.079,0.348,0.262,PIMA,median,0,1,1
PIMA__median_flag,ann,0.814,0.025,0.69,0.036,0.637,0.033,0.598,0.077,0.708,0.147,0.72,0.046,0.234,0.1,0.459,0.163,PIMA,median,1,0,0
PIMA__median_flag,ann_xgb_ens,0.805,0.022,0.667,0.017,0.647,0.046,0.594,0.026,0.72,0.116,0.729,0.016,0.222,0.059,0.373,0.093,PIMA,median,1,0,0
PIMA__median_flag,deep_ann,0.807,0.023,0.684,0.021,0.641,0.042,0.578,0.078,0.749,0.145,0.707,0.065,0.197,0.113,0.445,0.152,PIMA,median,1,0,0
PIMA__median_flag,deepnetx2,0.809,0.031,0.683,0.063,0.629,0.067,0.605,0.043,0.66,0.108,0.732,0.037,0.2,0.103,0.474,0.126,PIMA,median,1,0,0
PIMA__median_flag,lr,0.823,0.029,0.717,0.037,0.651,0.039,0.617,0.058,0.701,0.103,0.74,0.029,0.242,0.099,0.504,0.086,PIMA,median,1,0,0
PIMA__median_flag,rf,0.82,0.018,0.679,0.025,0.664,0.022,0.577,0.06,0.798,0.086,0.717,0.045,0.268,0.048,0.346,0.082,PIMA,median,1,0,0
PIMA__median_flag,RF+DNN metastack,0.834,0.019,0.705,0.028,0.681,0.028,0.611,0.059,0.776,0.059,0.745,0.039,0.299,0.038,0.358,0.056,PIMA,median,1,0,0
PIMA__median_flag,xgb,0.786,0.029,0.641,0.025,0.65,0.042,0.554,0.029,0.791,0.095,0.704,0.027,0.127,0.078,0.18,0.104,PIMA,median,1,0,0
PIMA__median_flag_smote,ann,0.805,0.02,0.658,0.034,0.641,0.058,0.585,0.054,0.734,0.163,0.719,0.042,0.183,0.097,0.487,0.079,PIMA,median,1,0,1
PIMA__median_flag_smote,ann_xgb_ens,0.809,0.021,0.674,0.023,0.643,0.022,0.575,0.04,0.739,0.08,0.715,0.023,0.22,0.055,0.405,0.092,PIMA,median,1,0,1
PIMA__median_flag_smote,deep_ann,0.806,0.02,0.67,0.032,0.65,0.054,0.608,0.038,0.709,0.107,0.737,0.028,0.182,0.07,0.54,0.071,PIMA,median,1,0,1
PIMA__median_flag_smote,deepnetx2,0.823,0.034,0.697,0.051,0.661,0.06,0.61,0.039,0.735,0.14,0.742,0.03,0.128,0.024,0.551,0.08,PIMA,median,1,0,1
PIMA__median_flag_smote,lr,0.821,0.026,0.713,0.034,0.65,0.039,0.614,0.064,0.701,0.096,0.737,0.034,0.233,0.101,0.505,0.089,PIMA,median,1,0,1
PIMA__median_flag_smote,rf,0.822,0.021,0.681,0.015,0.691,0.021,0.612,0.033,0.798,0.063,0.751,0.021,0.259,0.063,0.434,0.079,PIMA,median,1,0,1
PIMA__median_flag_smote,RF+DNN metastack,0.834,0.019,0.699,0.03,0.68,0.019,0.599,0.041,0.791,0.045,0.74,0.03,0.299,0.033,0.338,0.035,PIMA,median,1,0,1
PIMA__median_flag_smote,xgb,0.797,0.023,0.661,0.022,0.624,0.042,0.556,0.038,0.731,0.143,0.697,0.033,0.146,0.058,0.299,0.195,PIMA,median,1,0,1
PIMA__median_flag_pair,ann,0.816,0.028,0.684,0.045,0.649,0.042,0.594,0.07,0.742,0.15,0.723,0.041,0.233,0.041,0.413,0.144,PIMA,median,1,1,0
PIMA__median_flag_pair,ann_xgb_ens,0.822,0.015,0.679,0.036,0.643,0.03,0.582,0.048,0.742,0.142,0.716,0.023,0.241,0.052,0.323,0.158,PIMA,median,1,1,0
PIMA__median_flag_pair,deep_ann,0.823,0.024,0.69,0.042,0.673,0.023,0.619,0.082,0.754,0.088,0.743,0.037,0.237,0.063,0.391,0.108,PIMA,median,1,1,0
PIMA__median_flag_pair,deepnetx2,0.814,0.021,0.677,0.036,0.635,0.034,0.589,0.084,0.731,0.182,0.712,0.037,0.209,0.033,0.412,0.094,PIMA,median,1,1,0
PIMA__median_flag_pair,lr,0.815,0.022,0.705,0.036,0.647,0.022,0.609,0.078,0.709,0.104,0.73,0.036,0.227,0.083,0.483,0.112,PIMA,median,1,1,0
PIMA__median_flag_pair,rf,0.825,0.023,0.695,0.03,0.665,0.043,0.612,0.042,0.742,0.124,0.742,0.025,0.278,0.051,0.402,0.129,PIMA,median,1,1,0
PIMA__median_flag_pair,RF+DNN metastack,0.835,0.02,0.702,0.032,0.698,0.041,0.614,0.059,0.813,0.048,0.753,0.049,0.303,0.036,0.341,0.037,PIMA,median,1,1,0
PIMA__median_flag_pair,xgb,0.805,0.017,0.657,0.03,0.633,0.044,0.557,0.028,0.75,0.135,0.702,0.02,0.146,0.07,0.225,0.142,PIMA,median,1,1,0
PIMA__median_flag_pair_smote,ann,0.816,0.029,0.673,0.055,0.666,0.018,0.601,0.085,0.776,0.136,0.728,0.048,0.225,0.056,0.472,0.102,PIMA,median,1,1,1
PIMA__median_flag_pair_smote,ann_xgb_ens,0.815,0.016,0.678,0.029,0.657,0.035,0.578,0.065,0.795,0.148,0.715,0.027,0.219,0.049,0.338,0.196,PIMA,median,1,1,1
PIMA__median_flag_pair_smote,deep_ann,0.82,0.013,0.679,0.017,0.689,0.034,0.619,0.054,0.783,0.063,0.753,0.038,0.235,0.031,0.504,0.038,PIMA,median,1,1,1
PIMA__median_flag_pair_smote,deepnetx2,0.805,0.017,0.674,0.041,0.656,0.034,0.584,0.062,0.754,0.037,0.721,0.051,0.158,0.044,0.474,0.049,PIMA,median,1,1,1
PIMA__median_flag_pair_smote,lr,0.811,0.02,0.7,0.035,0.646,0.039,0.609,0.083,0.705,0.095,0.73,0.043,0.22,0.081,0.49,0.11,PIMA,median,1,1,1
PIMA__median_flag_pair_smote,rf,0.82,0.021,0.685,0.029,0.644,0.042,0.594,0.041,0.719,0.13,0.727,0.025,0.252,0.064,0.463,0.162,PIMA,median,1,1,1
PIMA__median_flag_pair_smote,RF+DNN metastack,0.836,0.019,0.705,0.025,0.698,0.034,0.602,0.047,0.836,0.052,0.747,0.04,0.309,0.035,0.327,0.038,PIMA,median,1,1,1
PIMA__median_flag_pair_smote,xgb,0.804,0.018,0.669,0.035,0.62,0.045,0.544,0.023,0.738,0.144,0.69,0.016,0.119,0.084,0.311,0.23,PIMA,median,1,1,1
TYPE2__zero,ann,0.881,0.016,0.775,0.031,0.723,0.027,0.683,0.052,0.772,0.046,0.797,0.028,0.366,0.063,0.539,0.041,TYPE2,zero,0,0,0
TYPE2__zero,ann_xgb_ens,0.964,0.017,0.941,0.032,0.886,0.022,0.908,0.044,0.865,0.014,0.924,0.016,0.687,0.042,0.544,0.061,TYPE2,zero,0,0,0
TYPE2__zero,deep_ann,0.884,0.022,0.796,0.039,0.742,0.02,0.691,0.035,0.804,0.047,0.808,0.017,0.391,0.042,0.51,0.06,TYPE2,zero,0,0,0
TYPE2__zero,deepnetx2,0.895,0.022,0.812,0.035,0.752,0.025,0.722,0.034,0.788,0.056,0.822,0.017,0.413,0.053,0.567,0.049,TYPE2,zero,0,0,0
TYPE2__zero,lr,0.825,0.023,0.694,0.06,0.663,0.018,0.621,0.093,0.744,0.136,0.742,0.043,0.233,0.047,0.483,0.149,TYPE2,zero,0,0,0
TYPE2__zero,rf,0.988,0.012,0.984,0.013,0.945,0.013,0.956,0.027,0.934,0.009,0.962,0.009,0.834,0.032,0.471,0.09,TYPE2,zero,0,0,0
TYPE2__zero,RF+DNN metastack,0.992,0.009,0.989,0.012,0.933,0.02,0.9,0.051,0.971,0.02,0.952,0.016,0.873,0.035,0.317,0.094,TYPE2,zero,0,0,0
TYPE2__zero,xgb,0.976,0.018,0.961,0.031,0.932,0.025,0.925,0.052,0.94,0.027,0.952,0.018,0.8,0.042,0.431,0.107,TYPE2,zero,0,0,0
TYPE2__zero_smote,ann,0.89,0.018,0.799,0.028,0.745,0.022,0.729,0.041,0.766,0.067,0.821,0.014,0.406,0.04,0.551,0.111,TYPE2,zero,0,0,1
TYPE2__zero_smote,ann_xgb_ens,0.964,0.015,0.941,0.027,0.871,0.029,0.89,0.028,0.855,0.05,0.914,0.018,0.679,0.04,0.6,0.061,TYPE2,zero,0,0,1
TYPE2__zero_smote,deep_ann,0.894,0.02,0.812,0.03,0.745,0.015,0.725,0.038,0.772,0.072,0.82,0.009,0.409,0.044,0.548,0.128,TYPE2,zero,0,0,1
TYPE2__zero_smote,deepnetx2,0.905,0.019,0.833,0.027,0.77,0.023,0.734,0.03,0.81,0.016,0.834,0.018,0.45,0.045,0.532,0.045,TYPE2,zero,0,0,1
TYPE2__zero_smote,lr,0.826,0.023,0.697,0.061,0.668,0.021,0.606,0.08,0.772,0.115,0.738,0.047,0.236,0.046,0.452,0.137,TYPE2,zero,0,0,1
TYPE2__zero_smote,rf,0.989,0.011,0.984,0.012,0.949,0.018,0.954,0.023,0.943,0.014,0.965,0.012,0.839,0.037,0.525,0.029,TYPE2,zero,0,0,1
TYPE2__zero_smote,RF+DNN metastack,0.992,0.008,0.989,0.011,0.938,0.019,0.91,0.046,0.971,0.02,0.956,0.015,0.874,0.033,0.324,0.079,TYPE2,zero,0,0,1
TYPE2__zero_smote,xgb,0.975,0.017,0.96,0.027,0.936,0.024,0.93,0.042,0.943,0.016,0.956,0.017,0.793,0.047,0.523,0.048,TYPE2,zero,0,0,1
TYPE2__zero_pair,ann,0.867,0.032,0.756,0.058,0.73,0.03,0.685,0.054,0.784,0.033,0.8,0.031,0.332,0.11,0.52,0.047,TYPE2,zero,0,1,0
TYPE2__zero_pair,ann_xgb_ens,0.97,0.014,0.946,0.035,0.908,0.026,0.91,0.031,0.908,0.037,0.938,0.017,0.732,0.046,0.553,0.076,TYPE2,zero,0,1,0
TYPE2__zero_pair,deep_ann,0.884,0.021,0.784,0.033,0.736,0.025,0.707,0.039,0.772,0.063,0.811,0.019,0.373,0.044,0.563,0.082,TYPE2,zero,0,1,0
TYPE2__zero_pair,deepnetx2,0.892,0.023,0.804,0.035,0.743,0.029,0.694,0.046,0.806,0.065,0.81,0.023,0.417,0.061,0.489,0.107,TYPE2,zero,0,1,0
TYPE2__zero_pair,lr,0.827,0.023,0.698,0.045,0.665,0.021,0.564,0.06,0.829,0.094,0.714,0.04,0.21,0.042,0.432,0.121,TYPE2,zero,0,1,0
TYPE2__zero_pair,rf,0.987,0.011,0.98,0.017,0.95,0.024,0.949,0.037,0.952,0.021,0.966,0.017,0.835,0.038,0.47,0.085,TYPE2,zero,0,1,0
TYPE2__zero_pair,RF+DNN metastack,0.99,0.01,0.983,0.016,0.933,0.026,0.889,0.037,0.982,0.013,0.952,0.02,0.869,0.035,0.311,0.057,TYPE2,zero,0,1,0
TYPE2__zero_pair,xgb,0.975,0.014,0.955,0.035,0.943,0.017,0.945,0.034,0.943,0.047,0.961,0.011,0.842,0.044,0.494,0.221,TYPE2,zero,0,1,0
TYPE2__zero_pair_smote,ann,0.892,0.017,0.807,0.027,0.728,0.01,0.745,0.046,0.719,0.066,0.817,0.008,0.42,0.037,0.577,0.077,TYPE2,zero,0,1,1
TYPE2__zero_pair_smote,ann_xgb_ens,0.97,0.015,0.942,0.039,0.903,0.036,0.892,0.046,0.915,0.036,0.932,0.026,0.724,0.053,0.576,0.057,TYPE2,zero,0,1,1
TYPE2__zero_pair_smote,deep_ann,0.891,0.022,0.803,0.029,0.741,0.023,0.702,0.058,0.788,0.024,0.81,0.026,0.403,0.057,0.526,0.057,TYPE2,zero,0,1,1
TYPE2__zero_pair_smote,deepnetx2,0.905,0.019,0.831,0.031,0.767,0.023,0.735,0.034,0.806,0.063,0.833,0.014,0.439,0.05,0.525,0.133,TYPE2,zero,0,1,1
TYPE2__zero_pair_smote,lr,0.828,0.022,0.699,0.044,0.675,0.024,0.602,0.066,0.789,0.107,0.74,0.04,0.215,0.042,0.482,0.15,TYPE2,zero,0,1,1
TYPE2__zero_pair_smote,rf,0.988,0.011,0.98,0.016,0.946,0.025,0.95,0.028,0.942,0.029,0.963,0.017,0.838,0.042,0.528,0.095,TYPE2,zero,0,1,1
TYPE2__zero_pair_smote,RF+DNN metastack,0.99,0.01,0.984,0.016,0.947,0.011,0.915,0.036,0.982,0.021,0.962,0.008,0.867,0.038,0.35,0.074,TYPE2,zero,0,1,1
TYPE2__zero_pair_smote,xgb,0.975,0.015,0.948,0.042,0.95,0.02,0.932,0.034,0.969,0.014,0.965,0.015,0.839,0.054,0.42,0.053,TYPE2,zero,0,1,1
TYPE2__zero_flag,ann,0.88,0.021,0.791,0.038,0.745,0.025,0.692,0.029,0.809,0.028,0.811,0.02,0.365,0.054,0.533,0.04,TYPE2,zero,1,0,0
TYPE2__zero_flag,ann_xgb_ens,0.965,0.018,0.945,0.032,0.889,0.031,0.901,0.054,0.879,0.021,0.924,0.023,0.69,0.053,0.553,0.06,TYPE2,zero,1,0,0
TYPE2__zero_flag,deep_ann,0.888,0.019,0.802,0.032,0.738,0.029,0.695,0.024,0.792,0.074,0.809,0.015,0.389,0.048,0.566,0.088,TYPE2,zero,1,0,0
TYPE2__zero_flag,deepnetx2,0.899,0.027,0.824,0.047,0.761,0.034,0.759,0.056,0.77,0.08,0.836,0.022,0.426,0.066,0.61,0.085,TYPE2,zero,1,0,0
TYPE2__zero_flag,lr,0.835,0.029,0.7,0.061,0.661,0.014,0.622,0.106,0.741,0.132,0.74,0.045,0.258,0.056,0.477,0.162,TYPE2,zero,1,0,0
TYPE2__zero_flag,rf,0.988,0.011,0.985,0.011,0.948,0.014,0.96,0.027,0.937,0.008,0.965,0.01,0.835,0.03,0.457,0.068,TYPE2,zero,1,0,0
TYPE2__zero_flag,RF+DNN metastack,0.993,0.007,0.99,0.009,0.943,0.022,0.921,0.045,0.968,0.015,0.96,0.016,0.88,0.028,0.378,0.114,TYPE2,zero,1,0,0
TYPE2__zero_flag,xgb,0.976,0.019,0.962,0.035,0.937,0.02,0.936,0.042,0.939,0.013,0.956,0.015,0.804,0.047,0.468,0.069,TYPE2,zero,1,0,0
TYPE2__zero_flag_smote,ann,0.893,0.023,0.813,0.04,0.755,0.019,0.695,0.032,0.829,0.037,0.816,0.017,0.399,0.064,0.537,0.04,TYPE2,zero,1,0,1
TYPE2__zero_flag_smote,ann_xgb_ens,0.964,0.018,0.943,0.03,0.863,0.032,0.89,0.039,0.839,0.053,0.909,0.02,0.677,0.055,0.628,0.066,TYPE2,zero,1,0,1
TYPE2__zero_flag_smote,deep_ann,0.901,0.023,0.831,0.038,0.756,0.015,0.743,0.032,0.772,0.05,0.83,0.01,0.414,0.05,0.629,0.077,TYPE2,zero,1,0,1
TYPE2__zero_flag_smote,deepnetx2,0.887,0.032,0.808,0.041,0.736,0.047,0.716,0.07,0.762,0.048,0.812,0.041,0.332,0.193,0.632,0.069,TYPE2,zero,1,0,1
TYPE2__zero_flag_smote,lr,0.835,0.028,0.701,0.06,0.668,0.029,0.616,0.093,0.766,0.146,0.742,0.041,0.259,0.054,0.456,0.158,TYPE2,zero,1,0,1
TYPE2__zero_flag_smote,rf,0.989,0.01,0.985,0.011,0.948,0.012,0.955,0.023,0.943,0.031,0.965,0.008,0.84,0.035,0.53,0.074,TYPE2,zero,1,0,1
TYPE2__zero_flag_smote,RF+DNN metastack,0.993,0.007,0.99,0.009,0.946,0.021,0.922,0.037,0.971,0.012,0.962,0.015,0.88,0.027,0.356,0.098,TYPE2,zero,1,0,1
TYPE2__zero_flag_smote,xgb,0.975,0.018,0.958,0.03,0.923,0.029,0.937,0.034,0.911,0.048,0.948,0.019,0.791,0.052,0.564,0.077,TYPE2,zero,1,0,1
TYPE2__zero_flag_pair,ann,0.888,0.018,0.804,0.041,0.758,0.024,0.711,0.038,0.813,0.037,0.822,0.021,0.41,0.05,0.508,0.045,TYPE2,zero,1,1,0
TYPE2__zero_flag_pair,ann_xgb_ens,0.971,0.014,0.95,0.034,0.906,0.028,0.916,0.038,0.898,0.035,0.936,0.019,0.739,0.045,0.567,0.056,TYPE2,zero,1,1,0
TYPE2__zero_flag_pair,deep_ann,0.881,0.019,0.789,0.035,0.747,0.025,0.681,0.046,0.832,0.05,0.807,0.028,0.357,0.045,0.544,0.065,TYPE2,zero,1,1,0
TYPE2__zero_flag_pair,deepnetx2,0.888,0.024,0.803,0.029,0.738,0.042,0.701,0.085,0.788,0.05,0.806,0.051,0.357,0.154,0.559,0.047,TYPE2,zero,1,1,0
TYPE2__zero_flag_pair,lr,0.837,0.027,0.71,0.059,0.664,0.013,0.596,0.067,0.773,0.116,0.733,0.036,0.247,0.047,0.465,0.145,TYPE2,zero,1,1,0
TYPE2__zero_flag_pair,rf,0.989,0.009,0.984,0.011,0.953,0.02,0.964,0.019,0.943,0.033,0.968,0.013,0.837,0.035,0.524,0.115,TYPE2,zero,1,1,0
TYPE2__zero_flag_pair,RF+DNN metastack,0.99,0.009,0.986,0.013,0.926,0.011,0.876,0.025,0.982,0.013,0.946,0.008,0.875,0.036,0.283,0.064,TYPE2,zero,1,1,0
TYPE2__zero_flag_pair,xgb,0.975,0.014,0.957,0.032,0.947,0.02,0.939,0.043,0.956,0.03,0.963,0.015,0.844,0.043,0.439,0.205,TYPE2,zero,1,1,0
TYPE2__zero_flag_pair_smote,ann,0.901,0.021,0.834,0.035,0.759,0.029,0.745,0.039,0.776,0.052,0.831,0.02,0.435,0.059,0.558,0.051,TYPE2,zero,1,1,1
TYPE2__zero_flag_pair_smote,ann_xgb_ens,0.97,0.015,0.942,0.038,0.899,0.041,0.897,0.032,0.902,0.055,0.931,0.027,0.728,0.05,0.586,0.071,TYPE2,zero,1,1,1
TYPE2__zero_flag_pair_smote,deep_ann,0.901,0.011,0.821,0.024,0.764,0.01,0.723,0.025,0.811,0.044,0.828,0.007,0.423,0.033,0.58,0.051,TYPE2,zero,1,1,1
TYPE2__zero_flag_pair_smote,deepnetx2,0.902,0.021,0.826,0.033,0.767,0.039,0.768,0.046,0.766,0.043,0.84,0.027,0.421,0.047,0.652,0.057,TYPE2,zero,1,1,1
TYPE2__zero_flag_pair_smote,lr,0.837,0.026,0.708,0.055,0.665,0.026,0.581,0.089,0.816,0.139,0.719,0.051,0.249,0.045,0.419,0.165,TYPE2,zero,1,1,1
TYPE2__zero_flag_pair_smote,rf,0.988,0.01,0.982,0.012,0.952,0.024,0.953,0.04,0.952,0.029,0.967,0.017,0.84,0.039,0.547,0.112,TYPE2,zero,1,1,1
TYPE2__zero_flag_pair_smote,RF+DNN metastack,0.99,0.009,0.986,0.013,0.935,0.017,0.892,0.028,0.982,0.013,0.953,0.012,0.872,0.035,0.298,0.048,TYPE2,zero,1,1,1
TYPE2__zero_flag_pair_smote,xgb,0.974,0.015,0.947,0.039,0.94,0.013,0.937,0.026,0.944,0.023,0.959,0.009,0.836,0.052,0.531,0.168,TYPE2,zero,1,1,1
TYPE2__median,ann,0.884,0.016,0.786,0.034,0.737,0.028,0.694,0.042,0.791,0.061,0.807,0.023,0.387,0.036,0.532,0.102,TYPE2,median,0,0,0
TYPE2__median,ann_xgb_ens,0.963,0.019,0.942,0.033,0.886,0.032,0.883,0.03,0.89,0.036,0.922,0.022,0.667,0.044,0.536,0.054,TYPE2,median,0,0,0
TYPE2__median,deep_ann,0.872,0.026,0.767,0.044,0.714,0.035,0.685,0.057,0.751,0.054,0.794,0.033,0.291,0.126,0.609,0.069,TYPE2,median,0,0,0
TYPE2__median,deepnetx2,0.891,0.013,0.807,0.02,0.739,0.028,0.713,0.04,0.769,0.041,0.814,0.022,0.363,0.104,0.573,0.063,TYPE2,median,0,0,0
TYPE2__median,lr,0.833,0.026,0.696,0.059,0.673,0.019,0.557,0.029,0.855,0.06,0.716,0.026,0.254,0.056,0.356,0.03,TYPE2,median,0,0,0
TYPE2__median,rf,0.989,0.011,0.985,0.011,0.952,0.011,0.956,0.02,0.947,0.025,0.967,0.007,0.842,0.033,0.468,0.111,TYPE2,median,0,0,0
TYPE2__median,RF+DNN metastack,0.993,0.007,0.989,0.01,0.956,0.018,0.943,0.044,0.971,0.02,0.969,0.013,0.875,0.038,0.401,0.068,TYPE2,median,0,0,0
TYPE2__median,xgb,0.975,0.017,0.961,0.028,0.93,0.026,0.936,0.024,0.925,0.05,0.952,0.016,0.794,0.039,0.456,0.127,TYPE2,median,0,0,0
TYPE2__median_smote,ann,0.882,0.021,0.776,0.036,0.727,0.025,0.704,0.056,0.762,0.086,0.805,0.02,0.39,0.045,0.542,0.142,TYPE2,median,0,0,1
TYPE2__median_smote,ann_xgb_ens,0.966,0.016,0.949,0.026,0.896,0.037,0.897,0.059,0.898,0.051,0.928,0.026,0.673,0.037,0.554,0.097,TYPE2,median,0,0,1
TYPE2__median_smote,deep_ann,0.855,0.051,0.74,0.087,0.702,0.059,0.67,0.078,0.74,0.057,0.784,0.047,0.237,0.205,0.564,0.062,TYPE2,median,0,0,1
TYPE2__median_smote,deepnetx2,0.896,0.03,0.812,0.063,0.756,0.037,0.736,0.067,0.784,0.061,0.826,0.032,0.381,0.186,0.603,0.054,TYPE2,median,0,0,1
TYPE2__median_smote,lr,0.833,0.026,0.695,0.06,0.68,0.017,0.595,0.067,0.818,0.117,0.737,0.037,0.255,0.057,0.404,0.131,TYPE2,median,0,0,1
TYPE2__median_smote,rf,0.989,0.01,0.986,0.01,0.951,0.008,0.962,0.024,0.941,0.023,0.967,0.006,0.845,0.037,0.581,0.132,TYPE2,median,0,0,1
TYPE2__median_smote,RF+DNN metastack,0.993,0.007,0.99,0.009,0.964,0.017,0.96,0.028,0.969,0.022,0.976,0.012,0.879,0.038,0.425,0.091,TYPE2,median,0,0,1
TYPE2__median_smote,xgb,0.974,0.018,0.959,0.026,0.925,0.027,0.929,0.036,0.923,0.02,0.949,0.019,0.784,0.048,0.545,0.033,TYPE2,median,0,0,1
TYPE2__median_pair,ann,0.881,0.019,0.786,0.042,0.73,0.025,0.694,0.031,0.773,0.059,0.804,0.016,0.378,0.04,0.547,0.088,TYPE2,median,0,1,0
TYPE2__median_pair,ann_xgb_ens,0.971,0.014,0.956,0.024,0.907,0.031,0.907,0.022,0.908,0.049,0.936,0.02,0.736,0.05,0.552,0.056,TYPE2,median,0,1,0
TYPE2__median_pair,deep_ann,0.883,0.021,0.789,0.028,0.733,0.03,0.715,0.049,0.756,0.063,0.812,0.022,0.359,0.065,0.626,0.065,TYPE2,median,0,1,0
TYPE2__median_pair,deepnetx2,0.89,0.017,0.797,0.019,0.731,0.043,0.724,0.022,0.743,0.08,0.815,0.022,0.372,0.044,0.661,0.052,TYPE2,median,0,1,0
TYPE2__median_pair,lr,0.833,0.025,0.702,0.059,0.674,0.02,0.551,0.023,0.868,0.026,0.712,0.022,0.24,0.053,0.372,0.026,TYPE2,median,0,1,0
TYPE2__median_pair,rf,0.99,0.009,0.986,0.009,0.95,0.013,0.961,0.025,0.94,0.032,0.966,0.009,0.841,0.032,0.533,0.082,TYPE2,median,0,1,0
TYPE2__median_pair,RF+DNN metastack,0.992,0.007,0.99,0.007,0.954,0.012,0.931,0.029,0.978,0.009,0.968,0.009,0.874,0.026,0.378,0.066,TYPE2,median,0,1,0
TYPE2__median_pair,xgb,0.978,0.011,0.968,0.019,0.954,0.011,0.947,0.022,0.962,0.011,0.968,0.008,0.85,0.037,0.427,0.108,TYPE2,median,0,1,0
TYPE2__median_pair_smote,ann,0.89,0.012,0.799,0.024,0.747,0.013,0.709,0.035,0.792,0.047,0.816,0.014,0.401,0.034,0.541,0.113,TYPE2,median,0,1,1
TYPE2__median_pair_smote,ann_xgb_ens,0.969,0.018,0.948,0.028,0.897,0.036,0.872,0.045,0.925,0.039,0.928,0.026,0.72,0.061,0.532,0.062,TYPE2,median,0,1,1
TYPE2__median_pair_smote,deep_ann,0.892,0.02,0.796,0.028,0.751,0.032,0.709,0.052,0.801,0.031,0.818,0.029,0.394,0.061,0.558,0.088,TYPE2,median,0,1,1
TYPE2__median_pair_smote,deepnetx2,0.892,0.033,0.802,0.055,0.734,0.049,0.707,0.107,0.779,0.06,0.802,0.065,0.38,0.142,0.595,0.065,TYPE2,median,0,1,1
TYPE2__median_pair_smote,lr,0.833,0.024,0.703,0.058,0.672,0.021,0.576,0.041,0.821,0.103,0.727,0.026,0.24,0.051,0.423,0.119,TYPE2,median,0,1,1
TYPE2__median_pair_smote,rf,0.99,0.009,0.987,0.011,0.95,0.02,0.963,0.015,0.939,0.034,0.966,0.013,0.85,0.039,0.578,0.047,TYPE2,median,0,1,1
TYPE2__median_pair_smote,RF+DNN metastack,0.992,0.007,0.99,0.007,0.95,0.022,0.929,0.051,0.974,0.013,0.964,0.017,0.875,0.022,0.368,0.076,TYPE2,median,0,1,1
TYPE2__median_pair_smote,xgb,0.978,0.013,0.962,0.019,0.944,0.019,0.942,0.036,0.947,0.024,0.962,0.014,0.842,0.047,0.558,0.16,TYPE2,median,0,1,1
TYPE2__median_flag,ann,0.892,0.024,0.807,0.038,0.76,0.03,0.705,0.021,0.825,0.045,0.822,0.019,0.416,0.064,0.504,0.056,TYPE2,median,1,0,0
TYPE2__median_flag,ann_xgb_ens,0.964,0.016,0.943,0.031,0.888,0.028,0.908,0.044,0.87,0.022,0.925,0.02,0.687,0.041,0.573,0.064,TYPE2,median,1,0,0
TYPE2__median_flag,deep_ann,0.895,0.014,0.817,0.029,0.754,0.026,0.719,0.057,0.798,0.047,0.822,0.027,0.412,0.035,0.564,0.097,TYPE2,median,1,0,0
TYPE2__median_flag,deepnetx2,0.908,0.022,0.841,0.035,0.749,0.027,0.765,0.065,0.738,0.045,0.83,0.025,0.44,0.06,0.653,0.072,TYPE2,median,1,0,0
TYPE2__median_flag,lr,0.835,0.029,0.7,0.061,0.66,0.013,0.621,0.107,0.741,0.133,0.739,0.045,0.258,0.056,0.475,0.164,TYPE2,median,1,0,0
TYPE2__median_flag,rf,0.989,0.01,0.985,0.012,0.949,0.006,0.966,0.022,0.933,0.023,0.966,0.004,0.841,0.032,0.505,0.099,TYPE2,median,1,0,0
TYPE2__median_flag,RF+DNN metastack,0.993,0.007,0.99,0.009,0.954,0.018,0.937,0.032,0.972,0.014,0.968,0.013,0.883,0.03,0.377,0.067,TYPE2,median,1,0,0
TYPE2__median_flag,xgb,0.976,0.017,0.96,0.032,0.932,0.015,0.94,0.036,0.927,0.043,0.954,0.01,0.799,0.038,0.493,0.125,TYPE2,median,1,0,0
TYPE2__median_flag_smote,ann,0.899,0.025,0.822,0.039,0.755,0.027,0.738,0.051,0.776,0.033,0.828,0.025,0.422,0.052,0.6,0.082,TYPE2,median,1,0,1
TYPE2__median_flag_smote,ann_xgb_ens,0.963,0.017,0.941,0.03,0.873,0.036,0.877,0.038,0.87,0.051,0.914,0.024,0.672,0.05,0.594,0.054,TYPE2,median,1,0,1
TYPE2__median_flag_smote,deep_ann,0.901,0.02,0.823,0.029,0.739,0.038,0.773,0.094,0.734,0.134,0.826,0.013,0.422,0.074,0.68,0.081,TYPE2,median,1,0,1
TYPE2__median_flag_smote,deepnetx2,0.885,0.033,0.805,0.049,0.73,0.042,0.697,0.078,0.776,0.072,0.802,0.045,0.3,0.197,0.535,0.034,TYPE2,median,1,0,1
TYPE2__median_flag_smote,lr,0.835,0.027,0.701,0.06,0.662,0.016,0.619,0.094,0.747,0.139,0.74,0.04,0.259,0.054,0.465,0.164,TYPE2,median,1,0,1
TYPE2__median_flag_smote,rf,0.99,0.009,0.986,0.01,0.953,0.013,0.964,0.03,0.943,0.03,0.968,0.009,0.842,0.035,0.562,0.109,TYPE2,median,1,0,1
TYPE2__median_flag_smote,RF+DNN metastack,0.993,0.007,0.99,0.009,0.935,0.022,0.914,0.059,0.961,0.028,0.954,0.017,0.884,0.031,0.386,0.191,TYPE2,median,1,0,1
TYPE2__median_flag_smote,xgb,0.974,0.016,0.958,0.024,0.926,0.023,0.925,0.035,0.927,0.014,0.949,0.016,0.784,0.046,0.549,0.054,TYPE2,median,1,0,1
TYPE2__median_flag_pair,ann,0.884,0.026,0.795,0.048,0.737,0.021,0.701,0.056,0.784,0.06,0.809,0.025,0.391,0.074,0.539,0.068,TYPE2,median,1,1,0
TYPE2__median_flag_pair,ann_xgb_ens,0.972,0.014,0.955,0.028,0.913,0.027,0.923,0.031,0.903,0.04,0.941,0.018,0.745,0.054,0.562,0.079,TYPE2,median,1,1,0
TYPE2__median_flag_pair,deep_ann,0.888,0.023,0.795,0.042,0.742,0.025,0.707,0.038,0.784,0.047,0.814,0.021,0.394,0.064,0.568,0.053,TYPE2,median,1,1,0
TYPE2__median_flag_pair,deepnetx2,0.903,0.024,0.826,0.049,0.757,0.031,0.761,0.06,0.759,0.051,0.834,0.027,0.432,0.071,0.631,0.08,TYPE2,median,1,1,0
TYPE2__median_flag_pair,lr,0.836,0.027,0.71,0.06,0.655,0.013,0.597,0.099,0.764,0.142,0.724,0.055,0.244,0.05,0.466,0.187,TYPE2,median,1,1,0
TYPE2__median_flag_pair,rf,0.99,0.009,0.986,0.01,0.955,0.019,0.963,0.023,0.947,0.027,0.97,0.013,0.843,0.032,0.518,0.106,TYPE2,median,1,1,0
TYPE2__median_flag_pair,RF+DNN metastack,0.991,0.007,0.989,0.008,0.937,0.025,0.903,0.055,0.975,0.015,0.954,0.02,0.873,0.025,0.351,0.106,TYPE2,median,1,1,0
TYPE2__median_flag_pair,xgb,0.978,0.011,0.966,0.022,0.954,0.014,0.95,0.025,0.958,0.017,0.968,0.01,0.852,0.036,0.476,0.103,TYPE2,median,1,1,0
TYPE2__median_flag_pair_smote,ann,0.897,0.022,0.811,0.028,0.752,0.036,0.744,0.081,0.769,0.063,0.826,0.033,0.419,0.063,0.597,0.076,TYPE2,median,1,1,1
TYPE2__median_flag_pair_smote,ann_xgb_ens,0.972,0.016,0.953,0.029,0.889,0.039,0.903,0.039,0.877,0.057,0.926,0.026,0.734,0.059,0.629,0.063,TYPE2,median,1,1,1
TYPE2__median_flag_pair_smote,deep_ann,0.907,0.018,0.84,0.03,0.781,0.018,0.768,0.071,0.804,0.071,0.846,0.019,0.441,0.062,0.595,0.09,TYPE2,median,1,1,1
TYPE2__median_flag_pair_smote,deepnetx2,0.916,0.02,0.852,0.032,0.783,0.023,0.788,0.03,0.779,0.031,0.852,0.016,0.486,0.058,0.614,0.069,TYPE2,median,1,1,1
TYPE2__median_flag_pair_smote,lr,0.836,0.025,0.708,0.056,0.669,0.019,0.575,0.062,0.819,0.088,0.722,0.04,0.245,0.044,0.415,0.117,TYPE2,median,1,1,1
TYPE2__median_flag_pair_smote,rf,0.99,0.009,0.986,0.01,0.95,0.015,0.957,0.02,0.943,0.023,0.966,0.01,0.846,0.037,0.555,0.066,TYPE2,median,1,1,1
TYPE2__median_flag_pair_smote,RF+DNN metastack,0.992,0.007,0.989,0.008,0.943,0.026,0.91,0.052,0.98,0.019,0.959,0.02,0.873,0.03,0.366,0.082,TYPE2,median,1,1,1
TYPE2__median_flag_pair_smote,xgb,0.976,0.013,0.959,0.026,0.952,0.011,0.95,0.031,0.955,0.024,0.967,0.008,0.842,0.049,0.615,0.115,TYPE2,median,1,1,1
