config,model,auroc_mean,auroc_std,auprc_mean,auprc_std,f1_mean,f1_std,precision_mean,recall_mean,accuracy_mean,brier_mean,best_thresh_mean,best_thresh_std,dataset,imputer,with_flag,avg_rank
NHANES__raw_flag,ann,0.9398137108792846,0.0101291471427692,0.7272619231542883,0.0405922302796452,0.7506990720049618,0.0306175401412516,0.70096150308431,0.8149180327868853,0.934878243512974,0.0574472139987101,0.5229999999999999,0.0944457516249407,NHANES,raw,1,89.25
NHANES__raw_flag,ann_xgb_ens,0.9564182811723796,0.0063235217691004,0.7781878707919315,0.0466479501500713,0.7772861252732675,0.0121196408848997,0.6816260257890905,0.9042622950819672,0.937274251497006,0.0449225069268562,0.2559999999999999,0.0537819672380994,NHANES,raw,1,97.86111111111111
NHANES__raw_flag,deep_ann,0.9124716840536512,0.0665310993347748,0.6482703359943107,0.1970645191152061,0.6711426149607969,0.1875397305902452,0.6524054543392654,0.7102185792349727,0.9224998003992017,0.0934264954193826,0.5959999999999999,0.1093960693992247,NHANES,raw,1,80.83333333333333
NHANES__raw_flag,deepnetx2,0.8895824639841032,0.1138298957904737,0.6481644983886891,0.1946324260801387,0.666689413068699,0.1868150939794812,0.6174079529341564,0.7363934426229508,0.9049373253493014,0.0948431518646039,0.566,0.1015750953728324,NHANES,raw,1,81.19444444444444
NHANES__raw_flag,lr,0.8769672131147541,0.0272988328250417,0.642719035770941,0.0242819332142097,0.6902280891997843,0.0109185106144486,0.6699150969429607,0.7160655737704917,0.9220942115768462,0.1108570047303878,0.6129999999999999,0.0567450438364443,NHANES,raw,1,98.72222222222223
NHANES__raw_flag,rf,0.9620319796323894,0.0044629999295373,0.7881152662907228,0.0483760118595025,0.7860563362534915,0.0087610975480057,0.708282020370628,0.8844808743169399,0.9416686626746508,0.0424410075776113,0.3169999999999999,0.052630789467763,NHANES,raw,1,92.72222222222223
NHANES__raw_flag,stack_lr_oof,0.9631053154495778,0.0019654060113928,0.7871721334382348,0.0424767164871539,0.7819696801087719,0.011166449920607,0.7040172107420253,0.8810928961748633,0.940470259481038,0.0424869334336386,0.292,0.037848381735551,NHANES,raw,1,94.36111111111111
NHANES__raw_flag,xgb,0.9559017635370092,0.0071753179512358,0.7780767078278753,0.0585658265631949,0.7497560017462653,0.0295161517343603,0.6482791435460211,0.8942622950819672,0.9272854291417164,0.0469414345962018,0.119,0.0673980711890184,NHANES,raw,1,87.36111111111111
NHANES__raw,ann,0.8187626676602087,0.119204565844417,0.4922330659398429,0.2288496298751164,0.513429732556596,0.2216335864797316,0.4798370376856432,0.6399453551912568,0.8166970059880241,0.1283769389273324,0.5049999999999999,0.1118592866059854,NHANES,raw,0,100.97222222222223
NHANES__raw,ann_xgb_ens,0.9562644063586688,0.0089461434704526,0.7792006814481398,0.0482316195442657,0.7646660552313159,0.0253542414478986,0.6632262873226729,0.9043715846994536,0.9324774451097804,0.0447603695484266,0.2039999999999999,0.085979648754807,NHANES,raw,0,97.16666666666667
NHANES__raw,deep_ann,0.9374520615996026,0.015839653530478,0.7169558192422967,0.0336106380588639,0.7499612269883309,0.0279324137542903,0.6984126218793529,0.8184153005464481,0.934074251497006,0.0594719708013554,0.502,0.1394901430209318,NHANES,raw,0,90.80555555555556
NHANES__raw,deepnetx2,0.9491864133134624,0.0075654135086125,0.7650736945066454,0.0243000730837906,0.7662373797559459,0.0205326272488627,0.6968791307498762,0.8577595628415301,0.9368734530938124,0.0619538177609927,0.5599999999999999,0.0489897948556635,NHANES,raw,0,97.52777777777777
NHANES__raw,lr,0.8769672131147541,0.0272988328250417,0.642719035770941,0.0242819332142097,0.6902280891997843,0.0109185106144486,0.6699150969429607,0.7160655737704917,0.9220942115768462,0.1108570047303878,0.6129999999999999,0.0567450438364443,NHANES,raw,0,102.80555555555556
NHANES__raw,rf,0.9620319796323894,0.0044629999295373,0.7881152662907228,0.0483760118595025,0.7860563362534915,0.0087610975480057,0.708282020370628,0.8844808743169399,0.9416686626746508,0.0424410075776113,0.3169999999999999,0.052630789467763,NHANES,raw,0,96.75
NHANES__raw,stack_lr_oof,0.9632164679582712,0.0021428713746059,0.7843734093691965,0.0419873561454163,0.7790104236629553,0.0080050848791462,0.7015950421966682,0.8778142076502732,0.9396718562874252,0.0425025289734117,0.289,0.0232916293977042,NHANES,raw,0,99.19444444444444
NHANES__raw,xgb,0.9559017635370092,0.0071753179512358,0.7780767078278753,0.0585658265631949,0.7497560017462653,0.0295161517343603,0.6482791435460211,0.8942622950819672,0.9272854291417164,0.0469414345962018,0.119,0.0673980711890184,NHANES,raw,0,92.63888888888889
NHANES__imp_median,ann,0.8649328117237953,0.0217164357521967,0.4858929749942683,0.051028439275895,0.54777446449403,0.042491200478454,0.4469498370067629,0.7201092896174863,0.8557684630738522,0.1144776846617844,0.501,0.0594138031100518,NHANES,median,0,115.08333333333333
NHANES__imp_median,ann_xgb_ens,0.9507791852955788,0.0061568278265788,0.7435782502261611,0.044864943605034,0.734091236832963,0.0260962816855188,0.6772257196955993,0.8119672131147541,0.929287025948104,0.049771799698288,0.3649999999999999,0.1393287479309277,NHANES,median,0,102.25
NHANES__imp_median,deep_ann,0.8516614505712866,0.0278800585343576,0.4547794751257957,0.0648895305347321,0.5138676141383159,0.0463820988223691,0.4444756345137453,0.6239344262295082,0.8561804391217566,0.1438416643063731,0.6079999999999999,0.0557449549286749,NHANES,median,0,106.94444444444444
NHANES__imp_median,deepnetx2,0.842964480874317,0.0143861743084268,0.4355144049118397,0.0347149514285937,0.4852013242178085,0.0540066132337027,0.3917896782538715,0.6504918032786885,0.8325860279441117,0.1660029039201336,0.58,0.0669888050348713,NHANES,median,0,114.69444444444444
NHANES__imp_median,lr,0.798587307501242,0.0169699953491469,0.3520884097266286,0.0306507240673667,0.3897949993203272,0.0231206074148008,0.3253935926198629,0.5246448087431694,0.8026331337325349,0.1867450068033974,0.6439999999999999,0.0811942116163461,NHANES,median,0,119.80555555555556
NHANES__imp_median,rf,0.9496053775459512,0.006372125711292,0.7360070858093775,0.0606407709270925,0.7406304669016224,0.0172630880670505,0.6846400946061507,0.8186338797814207,0.9308830339321356,0.0489876832459138,0.3019999999999999,0.1112766821935305,NHANES,median,0,99.25
NHANES__imp_median,stack_lr_oof,0.9550778688524588,0.0056234401097432,0.7494032356010111,0.0619838776106594,0.747838747434421,0.0084537896611354,0.6877332355950581,0.8219672131147542,0.932880638722555,0.047696116981381,0.3079999999999999,0.0484252000512129,NHANES,median,0,103.13888888888889
NHANES__imp_median,xgb,0.9542732240437156,0.0066963760954759,0.742560644226246,0.0495803848189515,0.7316851329199695,0.0130691908322803,0.6326488667961359,0.8680327868852459,0.9228894211576848,0.0529589614499131,0.126,0.0124498995979887,NHANES,median,0,107.30555555555556
NHANES__imp_median_flag,ann,0.8737671385991058,0.0337426466254405,0.5192696787497268,0.1070701992654731,0.5623494186991327,0.0760149504195997,0.4522641770691972,0.74551912568306,0.8581524950099799,0.1217818154385499,0.5609999999999999,0.0646529195009785,NHANES,median,1,100.66666666666667
NHANES__imp_median_flag,ann_xgb_ens,0.9513075012419276,0.0050635559192535,0.7445314301135161,0.0473561691884298,0.7487776240456495,0.0190293734856844,0.656719326195623,0.8712021857923498,0.929284630738523,0.049769555113687,0.2899999999999999,0.0435889894354067,NHANES,median,1,104.30555555555556
NHANES__imp_median_flag,deep_ann,0.8149971435668156,0.1061080980205228,0.4254406563066039,0.1456923353978703,0.4580344460590208,0.1477958739113174,0.4079510243635444,0.5514754098360657,0.8318115768463074,0.1508243448694506,0.6009999999999999,0.1380851186768509,NHANES,median,1,98.58333333333333
NHANES__imp_median_flag,deepnetx2,0.8057861400894188,0.0781697484857605,0.3637212852845345,0.0849371309845385,0.4244826038296151,0.0907080877314242,0.3472205953903414,0.5748633879781421,0.8086171656686627,0.1807607126196975,0.5549999999999999,0.0839642781187333,NHANES,median,1,99.30555555555556
NHANES__imp_median_flag,lr,0.798587307501242,0.0169699953491469,0.3520884097266286,0.0306507240673667,0.3897949993203272,0.0231206074148008,0.3253935926198629,0.5246448087431694,0.8026331337325349,0.1867450068033974,0.6439999999999999,0.0811942116163461,NHANES,median,1,114.47222222222223
NHANES__imp_median_flag,rf,0.9496053775459512,0.006372125711292,0.7360070858093775,0.0606407709270925,0.7406304669016224,0.0172630880670505,0.6846400946061507,0.8186338797814207,0.9308830339321356,0.0489876832459138,0.3019999999999999,0.1112766821935305,NHANES,median,1,95.52777777777777
NHANES__imp_median_flag,stack_lr_oof,0.954445603576751,0.0058272704550424,0.7507327010947353,0.0603821794195646,0.7493955048344663,0.0134446836130702,0.685787438912439,0.8284699453551913,0.9328790419161678,0.0475516589731769,0.2939999999999999,0.0395916657896583,NHANES,median,1,98.41666666666667
NHANES__imp_median_flag,xgb,0.9542732240437156,0.0066963760954759,0.742560644226246,0.0495803848189515,0.7316851329199695,0.0130691908322803,0.6326488667961359,0.8680327868852459,0.9228894211576848,0.0529589614499131,0.126,0.0124498995979887,NHANES,median,1,102.47222222222223
NHANES__imp_mice,ann,0.8468145802285146,0.0942675788754775,0.4769266180823933,0.1571786180094386,0.523357553979712,0.1297609494105074,0.4659878011753243,0.6768306010928962,0.8190554890219561,0.1252279513561353,0.587,0.1187749973689749,NHANES,mice,0,99.77777777777777
NHANES__imp_mice,ann_xgb_ens,0.8901251862891207,0.0074946101900905,0.5730036984257565,0.0245998111745885,0.5732886068588405,0.0337867874939179,0.4987359307359307,0.6766120218579236,0.8785469061876248,0.0784245745039096,0.4019999999999999,0.0404042077016738,NHANES,mice,0,125.11111111111111
NHANES__imp_mice,deep_ann,0.8774505712866368,0.0253330516011006,0.5405259260793177,0.0644880247463716,0.5571634479468581,0.0417216683371861,0.4953781975655524,0.6700546448087432,0.8697413173652695,0.1274512791547056,0.6379999999999999,0.1435966573427111,NHANES,mice,0,98.41666666666667
NHANES__imp_mice,deepnetx2,0.8491701440635866,0.0281398961723933,0.4478116996238947,0.0766504862786056,0.4898454301878854,0.0701479763375572,0.4545229497672926,0.5445901639344262,0.8621668662674651,0.1624964356995058,0.601,0.104427008000804,NHANES,mice,0,98.44444444444444
NHANES__imp_mice,lr,0.7531819423745654,0.0216132577391776,0.2641819731719811,0.026695619001337,0.3437239872057023,0.0211961542400259,0.226588918753342,0.736775956284153,0.6603624750499002,0.2058967348830889,0.477,0.1050357082139212,NHANES,mice,0,122.80555555555556
NHANES__imp_mice,rf,0.878729694485842,0.0090872514332737,0.5472814378971363,0.0505087197043223,0.5381587684537058,0.0456722878581356,0.4232490414883841,0.7626229508196721,0.8377804391217565,0.0766618745467199,0.219,0.0644592894779332,NHANES,mice,0,113.69444444444444
NHANES__imp_mice,stack_lr_oof,0.8859422503725781,0.010042427230025,0.5561662032163908,0.0409056650209837,0.5579396535347823,0.0285137981866437,0.4713397168633547,0.6900546448087431,0.8673540918163672,0.0740200423127029,0.2609999999999999,0.0397492138287036,NHANES,mice,0,119.86111111111111
NHANES__imp_mice,xgb,0.8822507451564828,0.0100912650245116,0.5372242348819898,0.0252194067066337,0.5545471970564726,0.0422968802473866,0.4577403434787923,0.7063934426229508,0.8621612774451097,0.0803104353978684,0.154,0.0258360213655276,NHANES,mice,0,121.52777777777777
NHANES__imp_mice_flag,ann,0.851068306010929,0.068218736698685,0.4811078289474682,0.1392992548865513,0.5098632115873848,0.1092721491775977,0.4282225192554206,0.6565573770491804,0.8429477045908185,0.1262541823157999,0.5609999999999999,0.1611443452312242,NHANES,mice,1,96.38888888888889
NHANES__imp_mice_flag,ann_xgb_ens,0.891225906607054,0.007415142845275,0.5819857443715476,0.0263864096972079,0.5681633209369341,0.0272220977439685,0.4763749307839437,0.7125136612021857,0.8693612774451097,0.0783590724538249,0.3689999999999999,0.0582451714736938,NHANES,mice,1,120.33333333333333
NHANES__imp_mice_flag,deep_ann,0.8834439890710384,0.0232281476595415,0.5481466795276513,0.0815634000805005,0.5666310351693815,0.0587947156593725,0.4940422503000725,0.6904918032786885,0.8709413173652696,0.1267690378094197,0.6639999999999999,0.1295858788603141,NHANES,mice,1,93.36111111111111
NHANES__imp_mice_flag,deepnetx2,0.8600059612518629,0.0116175521789293,0.4924028832506343,0.0467450073280892,0.5272122757052592,0.0138447796417297,0.4478723682217637,0.6533333333333333,0.8577740518962076,0.1354180081836508,0.583,0.0739594483484024,NHANES,mice,1,110.86111111111111
NHANES__imp_mice_flag,lr,0.7531819423745654,0.0216132577391776,0.2641819731719811,0.026695619001337,0.3437239872057023,0.0211961542400259,0.226588918753342,0.736775956284153,0.6603624750499002,0.2058967348830889,0.477,0.1050357082139212,NHANES,mice,1,117.47222222222223
NHANES__imp_mice_flag,rf,0.878729694485842,0.0090872514332737,0.5472814378971363,0.0505087197043223,0.5381587684537058,0.0456722878581356,0.4232490414883841,0.7626229508196721,0.8377804391217565,0.0766618745467199,0.219,0.0644592894779332,NHANES,mice,1,108.30555555555556
NHANES__imp_mice_flag,stack_lr_oof,0.891078738201689,0.0151768878461247,0.5618710220261625,0.0547268291794636,0.5719009723265043,0.0472338720082945,0.4910376366694701,0.6867213114754098,0.8753516966067865,0.0730381474971511,0.2769999999999999,0.0219658826364887,NHANES,mice,1,106.13888888888889
NHANES__imp_mice_flag,xgb,0.8822507451564828,0.0100912650245116,0.5372242348819898,0.0252194067066337,0.5545471970564726,0.0422968802473866,0.4577403434787923,0.7063934426229508,0.8621612774451097,0.0803104353978684,0.154,0.0258360213655276,NHANES,mice,1,116.08333333333333
NHANES__imp_knn,ann,0.7760844510680577,0.0252540944187483,0.3006796373541059,0.056650505427893,0.363787627841526,0.0329482412991245,0.2749325032835018,0.5784153005464481,0.7602522954091816,0.1686505643812131,0.526,0.099962492966112,NHANES,knn,0,121.97222222222223
NHANES__imp_knn,ann_xgb_ens,0.784855998509687,0.0381436132483436,0.3167805237576426,0.0446736588804884,0.3671090678922128,0.0589421132205684,0.2853219653787667,0.531912568306011,0.7774642714570857,0.103051742890318,0.288,0.0448051336344396,NHANES,knn,0,132.30555555555554
NHANES__imp_knn,deep_ann,0.7720683681073025,0.0238239248259388,0.2949453343306444,0.0464349400043891,0.3533583729578723,0.0092684348270835,0.2672094110055315,0.548360655737705,0.7570594810379241,0.1763314404149794,0.5089999999999999,0.0243413228892761,NHANES,knn,0,133.36111111111111
NHANES__imp_knn,deepnetx2,0.7455871212121211,0.0358728018644589,0.2713692423354584,0.0344811693293374,0.3641917645539722,0.0345853956139344,0.2645829725829726,0.6361748633879781,0.7239992015968064,0.1959257942978053,0.4889999999999999,0.0248495472795783,NHANES,knn,0,127.94444444444444
NHANES__imp_knn,lr,0.7536772230501738,0.0230181262246689,0.2778758118465448,0.0336095663021601,0.3462789211674523,0.0176805835309091,0.2263287950934172,0.7530601092896175,0.6575776447105788,0.2041909345737966,0.4709999999999999,0.0900971697668689,NHANES,knn,0,128.61111111111111
NHANES__imp_knn,rf,0.7831344386487828,0.0269510627904068,0.3122548435514597,0.0397274494737693,0.3892662092808028,0.0403665201115348,0.2944026324929156,0.5914754098360656,0.7746586826347306,0.105165648303912,0.2739999999999999,0.065707686003998,NHANES,knn,0,128.69444444444446
NHANES__imp_knn,stack_lr_oof,0.7937480129160457,0.0179066361565237,0.3245560095802747,0.0268456606173555,0.3990440524301848,0.0336139444172778,0.2911127033413921,0.6371584699453552,0.7682706586826347,0.0932794253587663,0.181,0.0188414436814167,NHANES,knn,0,140.58333333333334
NHANES__imp_knn,xgb,0.7762804893194237,0.0443556868352764,0.3097734007444185,0.0489769133834935,0.3641069911902343,0.0542653433958692,0.3014154704944178,0.4755191256830601,0.8030403193612774,0.1054030233067266,0.182,0.0839344982709731,NHANES,knn,0,120.91666666666667
NHANES__imp_knn_flag,ann,0.6959344262295082,0.1196597154283031,0.2403517051475929,0.0711738923599677,0.313757743476211,0.0821543665289446,0.214105016869122,0.6097814207650274,0.6607816367265469,0.1689728499910391,0.4459999999999999,0.0536656314599949,NHANES,knn,1,121.91666666666667
NHANES__imp_knn_flag,ann_xgb_ens,0.7848348857426727,0.0391694789929487,0.3172052522070712,0.046124615261889,0.3671177576908042,0.0694936588502829,0.3010622544331021,0.5024590163934427,0.7970275449101797,0.1029329331436152,0.3119999999999999,0.0698748881931126,NHANES,knn,1,123.0
NHANES__imp_knn_flag,deep_ann,0.7451300298062593,0.0708470375455665,0.2858771596322015,0.0646493826905358,0.3494366468954345,0.0632648362724762,0.2573707897141707,0.5539890710382513,0.746686626746507,0.1790900748511201,0.501,0.0181659021245849,NHANES,knn,1,115.13888888888889
NHANES__imp_knn_flag,deepnetx2,0.7527287630402385,0.0505061014823215,0.2860614372174084,0.0518336241747678,0.3589933305429623,0.0600604713733017,0.2604193724879888,0.637704918032787,0.7066818363273453,0.1716668099011377,0.4709999999999999,0.0736036683868406,NHANES,knn,1,114.52777777777777
NHANES__imp_knn_flag,lr,0.7536772230501738,0.0230181262246689,0.2778758118465448,0.0336095663021601,0.3462789211674523,0.0176805835309091,0.2263287950934172,0.7530601092896175,0.6575776447105788,0.2041909345737966,0.4709999999999999,0.0900971697668689,NHANES,knn,1,123.05555555555556
NHANES__imp_knn_flag,rf,0.7831344386487828,0.0269510627904068,0.3122548435514597,0.0397274494737693,0.3892662092808028,0.0403665201115348,0.2944026324929156,0.5914754098360656,0.7746586826347306,0.105165648303912,0.2739999999999999,0.065707686003998,NHANES,knn,1,123.13888888888889
NHANES__imp_knn_flag,stack_lr_oof,0.7974577744659712,0.0164098150706961,0.3342736106656644,0.0244432559667591,0.41731518883133,0.0355725077734201,0.3041786881509599,0.6732786885245902,0.7702882235528942,0.0930051009089024,0.176,0.0114017542509913,NHANES,knn,1,134.52777777777777
NHANES__imp_knn_flag,xgb,0.7762804893194237,0.0443556868352764,0.3097734007444185,0.0489769133834935,0.3641069911902343,0.0542653433958692,0.3014154704944178,0.4755191256830601,0.8030403193612774,0.1054030233067266,0.182,0.0839344982709731,NHANES,knn,1,115.47222222222223
PIMA__raw_flag,ann,0.8283738644304682,0.0256017976657879,0.6961579346133491,0.0495743137197751,0.6779160145992018,0.0265114284194795,0.6121712978097417,0.7869322152341021,0.7370172311348782,0.16652478155241,0.3879999999999999,0.0987800587163218,PIMA,raw,1,90.69444444444444
PIMA__raw_flag,ann_xgb_ens,0.8134346610761705,0.0334386394452709,0.6722703638226273,0.041327593134433,0.6588920149168305,0.036805527285759,0.5640730859406581,0.8053808525506639,0.7083015024191495,0.1731781157958787,0.2469999999999999,0.0841575902696839,PIMA,raw,1,96.80555555555556
PIMA__raw_flag,deep_ann,0.8113682739343115,0.0570688951494587,0.6711052804489352,0.0968847103779504,0.6693805790114334,0.0498833779448498,0.5559277750743495,0.8506638714185885,0.7042865631100925,0.1718981877523334,0.3669999999999999,0.1037786105129568,PIMA,raw,1,85.91666666666667
PIMA__raw_flag,deepnetx2,0.821921034241789,0.0270482929006732,0.6834434008694427,0.0524385435343162,0.6714611578085585,0.0381975126479992,0.6092140985949035,0.7679944095038435,0.7395467277820218,0.1818917415672973,0.4609999999999999,0.0569429539100317,PIMA,raw,1,86.61111111111111
PIMA__raw_flag,lr,0.8268259958071278,0.0213611383150739,0.7142219044556908,0.0400930011675717,0.648743999259674,0.0232769514904938,0.5989056419896391,0.7313766596785465,0.7225787284610814,0.1715412832146414,0.4639999999999998,0.0896799866190891,PIMA,raw,1,93.77777777777777
PIMA__raw_flag,rf,0.8232389937106918,0.0247367903099287,0.6775849311540256,0.0305764549845628,0.6815188971479152,0.033977331344761,0.6034728496141539,0.7947589098532495,0.7408199643493761,0.1643534021088574,0.3579999999999999,0.1084896308409241,PIMA,raw,1,90.36111111111111
PIMA__raw_flag,stack_lr_oof,0.8406373165618449,0.0174902376803943,0.70019957241042,0.0322533770600453,0.6901194163753402,0.0306892069129362,0.6078775903448542,0.802375960866527,0.7473049825991003,0.1571801622376895,0.3409999999999999,0.0350713558335003,PIMA,raw,1,93.69444444444444
PIMA__raw_flag,xgb,0.7961180992313067,0.0288947596909981,0.6463174623300142,0.041300561028225,0.6341211519252588,0.0425927699129778,0.556734884068993,0.761006289308176,0.6978609625668449,0.1978060223014985,0.2029999999999999,0.1592011306492513,PIMA,raw,1,91.02777777777777
PIMA__raw,ann,0.8245653389238294,0.0282308940639898,0.689541613268642,0.0537972236850598,0.6804140966362409,0.0340960839205623,0.5911509782207457,0.8283717679944095,0.725244037008743,0.1682304027297672,0.4049999999999999,0.0780224326716361,PIMA,raw,0,93.80555555555556
PIMA__raw,ann_xgb_ens,0.8136743535988818,0.0252181023401952,0.6665036566275389,0.0364848928578096,0.6398215171257746,0.0439950570880458,0.5813169739836467,0.7461215932914046,0.7135472370766488,0.1733405980946065,0.3409999999999999,0.177742791696316,PIMA,raw,0,99.47222222222223
PIMA__raw,deep_ann,0.8215303983228512,0.0237275592357222,0.672385710512998,0.0427977016454481,0.6764006492474632,0.0442980841480009,0.6302825780849974,0.7570230607966456,0.7473304473304474,0.1759067786042678,0.4559999999999998,0.0610737259384098,PIMA,raw,0,94.91666666666667
PIMA__raw,deepnetx2,0.823593291404612,0.0121629247296322,0.6894848782614731,0.0127065328045783,0.6776458352821281,0.0159436369288621,0.5942307692307692,0.8205450733752621,0.7253034547152194,0.1748093645464792,0.4019999999999999,0.1332103599574747,PIMA,raw,0,100.94444444444444
PIMA__raw,lr,0.8268259958071278,0.0213611383150739,0.7142219044556908,0.0400930011675717,0.648743999259674,0.0232769514904938,0.5989056419896391,0.7313766596785465,0.7225787284610814,0.1715412832146414,0.4639999999999998,0.0896799866190891,PIMA,raw,0,97.72222222222223
PIMA__raw,rf,0.8232389937106918,0.0247367903099287,0.6775849311540256,0.0305764549845628,0.6815188971479152,0.033977331344761,0.6034728496141539,0.7947589098532495,0.7408199643493761,0.1643534021088574,0.3579999999999999,0.1084896308409241,PIMA,raw,0,94.97222222222223
PIMA__raw,stack_lr_oof,0.8369587700908456,0.0211037055507328,0.6978454966434513,0.0303222708125127,0.6976748722781522,0.0242041176770237,0.627083407971339,0.7908455625436758,0.7603853662677192,0.1584757527238618,0.3719999999999999,0.0430987238790198,PIMA,raw,0,96.69444444444444
PIMA__raw,xgb,0.7961180992313067,0.0288947596909981,0.6463174623300142,0.041300561028225,0.6341211519252588,0.0425927699129778,0.556734884068993,0.761006289308176,0.6978609625668449,0.1978060223014985,0.2029999999999999,0.1592011306492513,PIMA,raw,0,95.63888888888889
PIMA__imp_median,ann,0.8314982529699512,0.0401590787557523,0.6973631603649613,0.0695279893286655,0.6772481661286215,0.0519894778558751,0.6158304440657382,0.7723969252271139,0.7368220015278839,0.1636136775737558,0.4159999999999999,0.0411400048614484,PIMA,median,0,97.86111111111111
PIMA__imp_median,ann_xgb_ens,0.8222907058001396,0.01887347952494,0.6852791705241517,0.0273920658055039,0.6600720182418247,0.0425000093388848,0.566439451201356,0.8175401816911251,0.7069688481453188,0.1698664540381449,0.2539999999999999,0.1274460670244476,PIMA,median,0,109.08333333333333
PIMA__imp_median,deep_ann,0.8288232005590496,0.0149005966520043,0.6963346274472098,0.0179972009718442,0.6802603189699964,0.0402473282924041,0.613866301723974,0.7719776380153739,0.7486715898480604,0.163773033474299,0.409,0.0856883889450606,PIMA,median,0,104.44444444444444
PIMA__imp_median,deepnetx2,0.8304109014675053,0.024575759341009,0.6977909368042278,0.0452023556224268,0.6806419349856977,0.0445542873420497,0.6327826531230787,0.7640810621942697,0.750021220609456,0.1682047235102177,0.4539999999999999,0.0514052526498995,PIMA,median,0,96.33333333333333
PIMA__imp_median,lr,0.8262334032145352,0.0212079548350211,0.7126924887333633,0.041534913534733,0.6470827647829441,0.0203086357483477,0.6054397542575333,0.7202655485674354,0.7251846193022663,0.1714007916939209,0.4739999999999999,0.0945647926027441,PIMA,median,0,102.61111111111111
PIMA__imp_median,rf,0.8222288609364081,0.0305922153115088,0.6722540574458488,0.0387541736635278,0.6766460807783642,0.0400524798894866,0.5752138143126515,0.8317260656883299,0.7226466344113402,0.1650437124051006,0.3219999999999999,0.1117251090847531,PIMA,median,0,97.61111111111111
PIMA__imp_median,stack_lr_oof,0.8364150943396226,0.0217702739820833,0.6944587675397697,0.0374853768255413,0.6899830866985107,0.0325814038479128,0.606423786911552,0.8023060796645701,0.747347423818012,0.1586665732718118,0.346,0.0248495472795783,PIMA,median,0,100.27777777777777
PIMA__imp_median,xgb,0.8044395527603074,0.0227657632214622,0.6594507376944115,0.0300090825154169,0.644873542890514,0.0401651506579538,0.5489685328106788,0.7988120195667365,0.6952550717256599,0.1936665336206077,0.1629999999999999,0.1130597187330659,PIMA,median,0,104.30555555555556
PIMA__imp_median_flag,ann,0.8220335429769392,0.0219173066953736,0.6943695084380216,0.0511290798343365,0.6382653234453485,0.0582715225742595,0.6015543545638744,0.7056603773584905,0.7238180120533062,0.1632258661611738,0.3789999999999999,0.1162110149684615,PIMA,median,1,99.72222222222223
PIMA__imp_median_flag,ann_xgb_ens,0.8228280922431865,0.0179840122818923,0.683292083366557,0.0285553193186761,0.6536613697937566,0.0387711442448123,0.5706952600999889,0.783508036338225,0.7135387488328664,0.1714862714415386,0.3069999999999999,0.1843095222716395,PIMA,median,1,103.63888888888889
PIMA__imp_median_flag,deep_ann,0.8295262054507336,0.0201791555037517,0.6945660742439868,0.046147980536098,0.6564914576167566,0.0447502119904898,0.5785898018307399,0.7791055206149545,0.7200577200577201,0.1709849475511512,0.4279999999999999,0.1561489673356823,PIMA,median,1,94.66666666666667
PIMA__imp_median_flag,deepnetx2,0.8303417190775682,0.0250701646696757,0.6976886896186649,0.0280135658255897,0.6622315159130215,0.0496480152115181,0.6422408925407426,0.7051712089447939,0.751268992445463,0.1727428031770525,0.4339999999999999,0.0654217089351845,PIMA,median,1,96.47222222222223
PIMA__imp_median_flag,lr,0.8262334032145352,0.0212079548350211,0.7126924887333633,0.041534913534733,0.6470827647829441,0.0203086357483477,0.6054397542575333,0.7202655485674354,0.7251846193022663,0.1714007916939209,0.4739999999999999,0.0945647926027441,PIMA,median,1,98.36111111111111
PIMA__imp_median_flag,rf,0.8222288609364081,0.0305922153115088,0.6722540574458488,0.0387541736635278,0.6766460807783642,0.0400524798894866,0.5752138143126515,0.8317260656883299,0.7226466344113402,0.1650437124051006,0.3219999999999999,0.1117251090847531,PIMA,median,1,93.66666666666667
PIMA__imp_median_flag,stack_lr_oof,0.8378819007686932,0.020166390100866,0.6937970513971644,0.0377663301459331,0.6885352631524572,0.0357572737172702,0.6019149299190738,0.8060796645702306,0.7447330447330447,0.1583970426178723,0.3409999999999999,0.0227486263321546,PIMA,median,1,97.22222222222223
PIMA__imp_median_flag,xgb,0.8044395527603074,0.0227657632214622,0.6594507376944115,0.0300090825154169,0.644873542890514,0.0401651506579538,0.5489685328106788,0.7988120195667365,0.6952550717256599,0.1936665336206077,0.1629999999999999,0.1130597187330659,PIMA,median,1,99.83333333333333
PIMA__imp_mice,ann,0.8293417190775682,0.0289505009345283,0.6852355623365329,0.0516043848261359,0.682738666417072,0.0292130076509328,0.6165917256852593,0.7719776380153738,0.749978779390544,0.1657197808143725,0.418,0.1111642928282279,PIMA,mice,0,94.83333333333333
PIMA__imp_mice,ann_xgb_ens,0.8148127183787561,0.0213338971390856,0.667053406254132,0.0499730993655387,0.6712471389520851,0.0118899823098767,0.57803898568982,0.813487071977638,0.7226466344113402,0.173226884348848,0.2859999999999999,0.1481300104637814,PIMA,mice,0,104.16666666666667
PIMA__imp_mice,deep_ann,0.8292375960866527,0.0145752869845843,0.6924873305704773,0.041413336056078,0.6763531465664785,0.0220320179080654,0.6054887921715372,0.8020964360587002,0.7291486291486292,0.1676270934918034,0.4039999999999999,0.127739970252071,PIMA,mice,0,99.83333333333333
PIMA__imp_mice,deepnetx2,0.8244143955276032,0.0239594095304701,0.6776881367667295,0.0366905353396738,0.6820366576791749,0.0378625792819642,0.6144925508411336,0.7834381551362684,0.7447839741957389,0.1791396185425804,0.4949999999999999,0.045276925690687,PIMA,mice,0,96.75
PIMA__imp_mice,lr,0.8266023759608665,0.0227803890079012,0.7091155610149245,0.0465562848275487,0.6561575328059108,0.0289643078882031,0.6003180563005344,0.7464011180992313,0.7251931075460487,0.1711919535986945,0.4579999999999999,0.0929784921366226,PIMA,mice,0,97.08333333333333
PIMA__imp_mice,rf,0.8202487770789657,0.0248692427030428,0.6700821894196968,0.0380716313833655,0.6431243787491103,0.0178074934062143,0.5661751427826307,0.783298392732355,0.6966556319497496,0.1662258005721097,0.3499999999999999,0.1705505790081053,PIMA,mice,0,103.61111111111111
PIMA__imp_mice,stack_lr_oof,0.8391187980433263,0.020536419951084,0.7029227550249472,0.0401818345385215,0.6971630289075847,0.0355167076284936,0.6207305466470002,0.7986722571628232,0.7564468211527036,0.156737656151518,0.3489999999999999,0.0204328167417025,PIMA,mice,0,96.63888888888889
PIMA__imp_mice,xgb,0.7959070580013977,0.0256045110899878,0.6357346316767665,0.0548736080618198,0.6296387216823094,0.0350376496743368,0.5617168367346939,0.731236897274633,0.7031066972243443,0.1964826814477747,0.2339999999999999,0.1644840417791342,PIMA,mice,0,98.36111111111111
PIMA__imp_mice_flag,ann,0.8265387840670859,0.0190364192112092,0.6895806007199378,0.0311951692200021,0.6776872166422822,0.0251125027499395,0.5893038547391225,0.8172606568832984,0.7265512265512266,0.1647557225162174,0.3609999999999999,0.0641677489086222,PIMA,mice,1,103.55555555555556
PIMA__imp_mice_flag,ann_xgb_ens,0.8151698113207548,0.0234885825304842,0.6671650020270914,0.0525644099108669,0.6505681459128992,0.03550507311506,0.5889069744592538,0.7501747030048918,0.721347933112639,0.1730688974752399,0.3119999999999999,0.1346569715982057,PIMA,mice,1,97.16666666666667
PIMA__imp_mice_flag,deep_ann,0.8297763801537386,0.0168021426706246,0.6988592573330117,0.0322774932995029,0.6735439181750242,0.0316443143331566,0.6227783506904658,0.7568832983927323,0.7460741872506579,0.1633489175781947,0.3999999999999999,0.0480884601541783,PIMA,mice,1,100.11111111111111
PIMA__imp_mice_flag,deepnetx2,0.8202571628232006,0.0197677192849414,0.6876608668101146,0.0520083992202635,0.6630528375733855,0.0274696028711483,0.6044343918096639,0.753319357092942,0.7304897716662422,0.1802593717022071,0.481,0.0655171733211987,PIMA,mice,1,95.25
PIMA__imp_mice_flag,lr,0.8266023759608665,0.0227803890079012,0.7091155610149245,0.0465562848275487,0.6561575328059108,0.0289643078882031,0.6003180563005344,0.7464011180992313,0.7251931075460487,0.1711919535986945,0.4579999999999999,0.0929784921366226,PIMA,mice,1,93.02777777777777
PIMA__imp_mice_flag,rf,0.8202487770789657,0.0248692427030428,0.6700821894196968,0.0380716313833655,0.6431243787491103,0.0178074934062143,0.5661751427826307,0.783298392732355,0.6966556319497496,0.1662258005721097,0.3499999999999999,0.1705505790081053,PIMA,mice,1,99.25
PIMA__imp_mice_flag,stack_lr_oof,0.8378022361984627,0.0229927662121809,0.7018319109255259,0.0334185864490011,0.6916900759310979,0.0314291947630309,0.615363648191517,0.7950384346610762,0.7512265512265512,0.1578911802135474,0.3469999999999999,0.0343874977280988,PIMA,mice,1,93.83333333333333
PIMA__imp_mice_flag,xgb,0.7959070580013977,0.0256045110899878,0.6357346316767665,0.0548736080618198,0.6296387216823094,0.0350376496743368,0.5617168367346939,0.731236897274633,0.7031066972243443,0.1964826814477747,0.2339999999999999,0.1644840417791342,PIMA,mice,1,94.52777777777777
PIMA__imp_knn,ann,0.8250153738644304,0.017375445075739,0.6891556153720411,0.0310866197849537,0.6417574850490241,0.0323303891500333,0.6515996041582598,0.6607267645003494,0.7447839741957389,0.1671616586591797,0.472,0.1099772703789287,PIMA,knn,0,111.72222222222223
PIMA__imp_knn,ann_xgb_ens,0.8111362683438156,0.0289780151113806,0.6527941967184132,0.0457398550497468,0.6373991096916276,0.0305903449011659,0.5827594684707527,0.7353598881900769,0.7095917154740684,0.175262916830084,0.344,0.1674589501937713,PIMA,knn,0,108.91666666666667
PIMA__imp_knn,deep_ann,0.8169867225716283,0.0190575311760461,0.6799028705090597,0.02973760975042,0.6597570331822666,0.0357521953604001,0.6203688524590164,0.716701607267645,0.7421611068669891,0.1718592146818773,0.473,0.1007844233996503,PIMA,knn,0,107.91666666666667
PIMA__imp_knn,deepnetx2,0.8278937805730259,0.0322744497956572,0.6839700593037293,0.0553065838450436,0.6881683329329065,0.0401024349160624,0.6145826078767278,0.7909154437456325,0.7486291486291486,0.1680841454137826,0.4429999999999999,0.0500749438342171,PIMA,knn,0,97.72222222222223
PIMA__imp_knn,lr,0.8277505241090146,0.0240703335671054,0.7115822660572578,0.0438242272409343,0.6572112682149127,0.0268147389296393,0.6084194991681298,0.7352201257861635,0.7316866140395553,0.1708119112518525,0.4599999999999999,0.089162772500635,PIMA,knn,0,102.08333333333333
PIMA__imp_knn,rf,0.8223542976939203,0.0266109739067003,0.6747891348556988,0.0372893825912828,0.6764273285563414,0.0308126504064287,0.5653047722622982,0.8543675751222921,0.7122740005092947,0.164181779151571,0.3079999999999999,0.1203432590550879,PIMA,knn,0,102.94444444444444
PIMA__imp_knn,stack_lr_oof,0.838293501048218,0.0192765887391756,0.7024258116542359,0.0324826253017608,0.6945527618049058,0.0423700027967739,0.5942405770798811,0.8394828791055206,0.7408284525931584,0.1580167395908251,0.3239999999999999,0.0151657508881031,PIMA,knn,0,103.55555555555556
PIMA__imp_knn,xgb,0.7981118099231307,0.0324217507498468,0.6320257638361074,0.0514860571452295,0.622878635807362,0.0554757368529899,0.5708333561132068,0.7167714884696017,0.7030642560054325,0.1981630472120489,0.263,0.2177900365030503,PIMA,knn,0,99.80555555555556
PIMA__imp_knn_flag,ann,0.8256967155835081,0.0202719065486091,0.6905121691868599,0.0350428838355338,0.6715885787516305,0.0214277975320279,0.5936507936507937,0.7874213836477988,0.7291316526610644,0.1660587333631053,0.364,0.0833966426182732,PIMA,knn,1,109.30555555555556
PIMA__imp_knn_flag,ann_xgb_ens,0.8114891684136968,0.0310692910781211,0.6508497651965579,0.0520498771136926,0.6497252145774313,0.0388917342997086,0.5684378548053163,0.7909853249475891,0.7057040998217469,0.1745437547142206,0.2779999999999999,0.1658915308266217,PIMA,knn,1,99.72222222222223
PIMA__imp_knn_flag,deep_ann,0.8295283018867924,0.0145742905255987,0.6874905320787934,0.0328285516624393,0.6730578068974333,0.0071339367868161,0.5961250057958918,0.7982529699510831,0.7291995586113234,0.172594671360692,0.4029999999999999,0.0610941895764237,PIMA,knn,1,110.30555555555556
PIMA__imp_knn_flag,deepnetx2,0.8220635918937805,0.0179106595209028,0.67334021451407,0.036457790941553,0.6514308462746413,0.0346262693497951,0.6285306760332687,0.6936408106219426,0.7422205245734658,0.1715758934408158,0.4619999999999999,0.0700535509449735,PIMA,knn,1,104.16666666666667
PIMA__imp_knn_flag,lr,0.8277505241090146,0.0240703335671054,0.7115822660572578,0.0438242272409343,0.6572112682149127,0.0268147389296393,0.6084194991681298,0.7352201257861635,0.7316866140395553,0.1708119112518525,0.4599999999999999,0.089162772500635,PIMA,knn,1,97.97222222222223
PIMA__imp_knn_flag,rf,0.8223542976939203,0.0266109739067003,0.6747891348556988,0.0372893825912828,0.6764273285563414,0.0308126504064287,0.5653047722622982,0.8543675751222921,0.7122740005092947,0.164181779151571,0.3079999999999999,0.1203432590550879,PIMA,knn,1,98.66666666666667
PIMA__imp_knn_flag,stack_lr_oof,0.8361285814116004,0.019369755241401,0.6979271729896644,0.0389700358950792,0.6747248740422964,0.0303738460401297,0.6130138417422876,0.7577917540181691,0.743425855190561,0.1582540984090889,0.3689999999999999,0.0281513765205184,PIMA,knn,1,101.44444444444444
PIMA__imp_knn_flag,xgb,0.7981118099231307,0.0324217507498468,0.6320257638361074,0.0514860571452295,0.622878635807362,0.0554757368529899,0.5708333561132068,0.7167714884696017,0.7030642560054325,0.1981630472120489,0.263,0.2177900365030503,PIMA,knn,1,96.41666666666667
TYPE2__raw_flag,ann,0.8832130206097037,0.0196561096849197,0.7900709185584759,0.0363286913248503,0.7375409727557536,0.0103115479340387,0.6880529832206633,0.7967797337913267,0.806,0.139439219489604,0.5369999999999999,0.0704095164022592,TYPE2,raw,1,83.36111111111111
TYPE2__raw_flag,ann_xgb_ens,0.968765282721489,0.0151495306586628,0.9477276611197112,0.0323314331883718,0.9017380325305916,0.0318621966944872,0.8941924075718439,0.9123121511378274,0.9325,0.0615574393737544,0.5279999999999999,0.0809011742807235,TYPE2,raw,1,70.69444444444444
TYPE2__raw_flag,deep_ann,0.8828854970140834,0.0149571126274626,0.7858583802367342,0.0352543091205369,0.7379932925911079,0.0220912267736559,0.7087111416859989,0.7705130957492485,0.813,0.1388979177396537,0.584,0.0451940261539066,TYPE2,raw,1,81.44444444444444
TYPE2__raw_flag,deepnetx2,0.8916341478465935,0.0148329838362859,0.8033559541125529,0.0259946230738636,0.7335526984417953,0.0426320096920066,0.7272116154175177,0.7455345641906398,0.8164999999999999,0.1355043210412404,0.63,0.0715891053163817,TYPE2,raw,1,74.58333333333333
TYPE2__raw_flag,lr,0.834701635415849,0.0256868861126439,0.7000996037511309,0.0506465064623,0.6685691475408786,0.02217132336437,0.5713383668085842,0.815854443967368,0.7245,0.1704927478014405,0.4279999999999999,0.0623097103186975,TYPE2,raw,1,82.94444444444444
TYPE2__raw_flag,rf,0.9884091037100108,0.009460834051498,0.9835597167450366,0.0115523156979091,0.9564436449677508,0.0106031071163177,0.9635779445973774,0.950279089738085,0.9705,0.0359130942359071,0.489,0.0672123500556259,TYPE2,raw,1,71.5
TYPE2__raw_flag,stack_lr_oof,0.9908702248116112,0.008157435361824,0.987967204273317,0.0097021349053646,0.9440923607801444,0.0237322765240451,0.9135877684137214,0.9780699871189352,0.96,0.0291364444978233,0.3679999999999999,0.1034770505957721,TYPE2,raw,1,70.11111111111111
TYPE2__raw_flag,xgb,0.976838407828256,0.0145669477908544,0.9627859723096888,0.0293289604800937,0.9530572899697431,0.0123395739677584,0.9434957015839368,0.9634499785315588,0.9675,0.0349063587128785,0.3899999999999999,0.0988685996664259,TYPE2,raw,1,66.63888888888889
TYPE2__raw,ann,0.8821373007131758,0.019736052179111,0.7912491332493958,0.0389496296781533,0.7202374282734153,0.0280703655298166,0.6904041655344968,0.7588879347359382,0.7995,0.1397911539775647,0.5529999999999999,0.0800468612751306,TYPE2,raw,0,85.41666666666667
TYPE2__raw,ann_xgb_ens,0.9694685623258364,0.0152560775200021,0.950870897307412,0.0295535714365644,0.913256461578498,0.0250011386261533,0.9089333849148904,0.9181623014169172,0.9405,0.0612276174025019,0.5349999999999999,0.0444409720865779,TYPE2,raw,0,79.97222222222223
TYPE2__raw,deep_ann,0.8852658569880729,0.0209536896770922,0.791378434269074,0.0370006515717185,0.7333539854198742,0.0408360026496948,0.718933429683695,0.7500429368827823,0.8145,0.1378932126721296,0.611,0.0263153947338815,TYPE2,raw,0,80.77777777777777
TYPE2__raw,deepnetx2,0.8848495152607002,0.0338727638150509,0.7766014256506503,0.0785590818897281,0.7411722341574356,0.0260234708473677,0.7220460725935518,0.7645770717045942,0.817,0.1441429254495876,0.603,0.0775080640965828,TYPE2,raw,0,69.58333333333333
TYPE2__raw,lr,0.834701635415849,0.0256868861126439,0.7000996037511309,0.0506465064623,0.6685691475408786,0.02217132336437,0.5713383668085842,0.815854443967368,0.7245,0.1704927478014405,0.4279999999999999,0.0623097103186975,TYPE2,raw,0,87.94444444444444
TYPE2__raw,rf,0.9884091037100108,0.009460834051498,0.9835597167450366,0.0115523156979091,0.9564436449677508,0.0106031071163177,0.9635779445973774,0.950279089738085,0.9705,0.0359130942359071,0.489,0.0672123500556259,TYPE2,raw,0,76.72222222222223
TYPE2__raw,stack_lr_oof,0.9905590868573216,0.0082779063055971,0.9871946355827628,0.0104141299291767,0.9381458802670716,0.0243371386430739,0.9025061364463464,0.9780699871189352,0.9555,0.0295848969437961,0.3389999999999999,0.0841427358718505,TYPE2,raw,0,77.47222222222223
TYPE2__raw,xgb,0.976838407828256,0.0145669477908544,0.9627859723096888,0.0293289604800937,0.9530572899697431,0.0123395739677584,0.9434957015839368,0.9634499785315588,0.9675,0.0349063587128785,0.3899999999999999,0.0988685996664259,TYPE2,raw,0,71.91666666666667
TYPE2__imp_median,ann,0.8739215268234805,0.0179036558211167,0.7727722870143215,0.0374785067546468,0.7127007419232968,0.0134223399757679,0.689996395341111,0.7441713181623014,0.7955,0.1447020387923251,0.576,0.0449165893629514,TYPE2,median,0,98.77777777777777
TYPE2__imp_median,ann_xgb_ens,0.969963307832664,0.0148246712264409,0.9511732850667892,0.0293474785691562,0.9054568378823696,0.0249803442269478,0.906580477399574,0.9050343495062256,0.9355,0.0607081156323095,0.5660000000000001,0.0746993975879324,TYPE2,median,0,83.36111111111111
TYPE2__imp_median,deep_ann,0.8843539729429862,0.0177512963600064,0.7872550768802393,0.0348714717105812,0.7388553562860946,0.0176361894251452,0.6829229527489833,0.8055925289823959,0.8055,0.1422611732634141,0.572,0.047775516742365,TYPE2,median,0,92.61111111111111
TYPE2__imp_median,deepnetx2,0.8931645912046623,0.0205519173397521,0.8019588959571365,0.0360565870959646,0.7415194536090508,0.0387116159297463,0.7347666392906254,0.7514276513525118,0.8220000000000001,0.1326156570863261,0.627,0.0588005102018681,TYPE2,median,0,82.63888888888889
TYPE2__imp_median,lr,0.8313133846517886,0.0245589522305498,0.6967506996055532,0.0495693487226798,0.6696693511415646,0.0123068692621301,0.5549738000826518,0.8494096178617433,0.713,0.1716501740098246,0.3799999999999999,0.0158113883008419,TYPE2,median,0,100.05555555555556
TYPE2__imp_median,rf,0.9884475173691788,0.008765162186798,0.9839791978990796,0.0105348687256624,0.9527333562971356,0.0179374882002476,0.9511459203564469,0.9546908544439674,0.9675,0.0361620708390946,0.4609999999999999,0.0216217483104396,TYPE2,median,0,86.05555555555556
TYPE2__imp_median,stack_lr_oof,0.9903254830547727,0.0083971751414129,0.9874710744176164,0.0101165128038377,0.9530003595531358,0.0366909668290056,0.9317025483532644,0.9780699871189352,0.966,0.029251611135279,0.3929999999999999,0.0945780101292049,TYPE2,median,0,76.86111111111111
TYPE2__imp_median,xgb,0.9769818248209812,0.0133438009481728,0.9636424859794352,0.0273340714529964,0.9528608999885826,0.0120295998582805,0.9474559349055294,0.959070416487763,0.9675,0.0347492206774015,0.4269999999999999,0.1573054353797096,TYPE2,median,0,76.86111111111111
TYPE2__imp_median_flag,ann,0.8830675591801989,0.0217370525926032,0.7790900924850708,0.05041584327707,0.7277277091332418,0.0230032244018358,0.7029882217779805,0.7558608844997853,0.806,0.1383038355238618,0.568,0.0915559937961464,TYPE2,median,1,82.72222222222223
TYPE2__imp_median_flag,ann_xgb_ens,0.9692426101649644,0.0156590464056077,0.9491478003956196,0.0319619524328426,0.9055850042715716,0.0327796594699514,0.92017705249319,0.891895663374839,0.9365,0.0624688134351565,0.582,0.0870057469366248,TYPE2,median,1,73.97222222222223
TYPE2__imp_median_flag,deep_ann,0.8770879036327948,0.0155307780789537,0.7709830067008551,0.0402312118209477,0.7291476218665157,0.0281776739994147,0.7208559373425423,0.7397702876771146,0.8125,0.1474542548676134,0.6359999999999999,0.0758617163001207,TYPE2,median,1,83.47222222222223
TYPE2__imp_median_flag,deepnetx2,0.890879026371676,0.0188180742875028,0.8038924980282433,0.0298776213305233,0.7504001155456413,0.0250126648871446,0.7146678556773622,0.7923679690854444,0.8205,0.1373002349968473,0.587,0.0890645833089674,TYPE2,median,1,78.77777777777777
TYPE2__imp_median_flag,lr,0.8313133846517886,0.0245589522305498,0.6967506996055532,0.0495693487226798,0.6696693511415646,0.0123068692621301,0.5549738000826518,0.8494096178617433,0.713,0.1716501740098246,0.3799999999999999,0.0158113883008419,TYPE2,median,1,96.27777777777777
TYPE2__imp_median_flag,rf,0.9884475173691788,0.008765162186798,0.9839791978990796,0.0105348687256624,0.9527333562971356,0.0179374882002476,0.9511459203564469,0.9546908544439674,0.9675,0.0361620708390946,0.4609999999999999,0.0216217483104396,TYPE2,median,1,81.16666666666667
TYPE2__imp_median_flag,stack_lr_oof,0.9904040774566226,0.0089287062082636,0.986943178864932,0.0117555618027776,0.9658210662341776,0.0237834462427585,0.9596351513091388,0.9736582224130528,0.976,0.0293427032000042,0.4739999999999999,0.0658027355054483,TYPE2,median,1,73.47222222222223
TYPE2__imp_median_flag,xgb,0.9769818248209812,0.0133438009481728,0.9636424859794352,0.0273340714529964,0.9528608999885826,0.0120295998582805,0.9474559349055294,0.959070416487763,0.9675,0.0347492206774015,0.4269999999999999,0.1573054353797096,TYPE2,median,1,71.63888888888889
TYPE2__imp_mice,ann,0.8814935956317275,0.0198090860550116,0.7758095306842742,0.0350133387504513,0.752267647250387,0.0191490436256721,0.6909668582390293,0.8260412194074711,0.8140000000000001,0.1386385289067248,0.4969999999999999,0.0201866292381863,TYPE2,mice,0,92.77777777777777
TYPE2__imp_mice,ann_xgb_ens,0.9720890585911588,0.0160099445850531,0.9551960775819376,0.029857232517524,0.922967120781012,0.0275334776388663,0.9172903578597856,0.929851867754401,0.947,0.0595591996243944,0.5429999999999999,0.0757132749258675,TYPE2,mice,0,77.75
TYPE2__imp_mice,deep_ann,0.871979776302749,0.0277247588141923,0.7560140886213589,0.060563463662135,0.7328228977869047,0.0376496717595172,0.6745393630751261,0.8056354658651783,0.798,0.154096861920757,0.574,0.0765179717452051,TYPE2,mice,0,76.30555555555556
TYPE2__imp_mice,deepnetx2,0.8885923759341022,0.0203542033209954,0.796293358889949,0.0337785381037207,0.743843001589487,0.0343295184939881,0.7320853615519362,0.7630206097037355,0.8215,0.1359299398620375,0.6,0.0731436941916389,TYPE2,mice,0,79.63888888888889
TYPE2__imp_mice,lr,0.8315684650895537,0.0244183328030865,0.69329635721184,0.0461554305567763,0.67117940998494,0.0114966888987495,0.556877975993521,0.8479497638471447,0.7155,0.1714965590966647,0.3859999999999999,0.0147478812037526,TYPE2,mice,0,98.25
TYPE2__imp_mice,rf,0.989021580885414,0.0092277063004837,0.9849833758673692,0.0111886015603667,0.951868937534759,0.0223664351787867,0.9647665400519368,0.9401137827393732,0.9675,0.0359274926914172,0.5329999999999999,0.0878635305459551,TYPE2,mice,0,74.80555555555556
TYPE2__imp_mice,stack_lr_oof,0.9909076076720624,0.0076578905649647,0.988044686260102,0.0095934237910528,0.9443843070644988,0.0285603283617049,0.9145392134023852,0.9780699871189352,0.96,0.0292392998672881,0.3609999999999999,0.0751165760668043,TYPE2,mice,0,79.58333333333333
TYPE2__imp_mice,xgb,0.9776694927140132,0.0135910504689559,0.9655942017506376,0.0238822073974756,0.9564760155736062,0.0170216400124861,0.9530193132566024,0.9605302705023616,0.97,0.0345019430223245,0.5059999999999999,0.1119933033712284,TYPE2,mice,0,71.25
TYPE2__imp_mice_flag,ann,0.8803626845997785,0.0212403627848171,0.7818670604478815,0.0431877335700853,0.7307424380848688,0.0232024595387423,0.7040872051974396,0.7630957492486046,0.808,0.1393402725769599,0.5589999999999999,0.0631862326776965,TYPE2,mice,1,83.58333333333333
TYPE2__imp_mice_flag,ann_xgb_ens,0.9707568331496186,0.0132044946109261,0.9509192496320322,0.0260660423209131,0.914395716748628,0.0204135952391622,0.9183922498379832,0.912322885358523,0.9415,0.05932802641368,0.5609999999999999,0.0699464080564542,TYPE2,mice,1,77.63888888888889
TYPE2__imp_mice_flag,deep_ann,0.8773416546610117,0.0205715713965094,0.7627284516451889,0.0454451873928727,0.7297552338954839,0.0185490934893623,0.6852390644993598,0.7849828252468871,0.8009999999999999,0.1460079648683515,0.5719999999999998,0.078390050389064,TYPE2,mice,1,81.19444444444444
TYPE2__imp_mice_flag,deepnetx2,0.8874307437764895,0.0302297940093886,0.7923066978973136,0.0531971910111146,0.7397280583801917,0.0350464973467375,0.7013630848977781,0.7851438385573207,0.8119999999999999,0.1354239264987404,0.5509999999999999,0.0530801281083608,TYPE2,mice,1,70.80555555555556
TYPE2__imp_mice_flag,lr,0.8315684650895537,0.0244183328030865,0.69329635721184,0.0461554305567763,0.67117940998494,0.0114966888987495,0.556877975993521,0.8479497638471447,0.7155,0.1714965590966647,0.3859999999999999,0.0147478812037526,TYPE2,mice,1,94.72222222222223
TYPE2__imp_mice_flag,rf,0.989021580885414,0.0092277063004837,0.9849833758673692,0.0111886015603667,0.951868937534759,0.0223664351787867,0.9647665400519368,0.9401137827393732,0.9675,0.0359274926914172,0.5329999999999999,0.0878635305459551,TYPE2,mice,1,69.69444444444444
TYPE2__imp_mice_flag,stack_lr_oof,0.9906910685161634,0.0079200668735284,0.987607974029702,0.0102139064160507,0.9487007913057912,0.0221183533412157,0.92197016916112,0.9780699871189352,0.9635,0.0302398910119384,0.3719999999999999,0.0559687412758228,TYPE2,mice,1,76.77777777777777
TYPE2__imp_mice_flag,xgb,0.9776694927140132,0.0135910504689559,0.9655942017506376,0.0238822073974756,0.9564760155736062,0.0170216400124861,0.9530193132566024,0.9605302705023616,0.97,0.0345019430223245,0.5059999999999999,0.1119933033712284,TYPE2,mice,1,65.86111111111111
TYPE2__imp_knn,ann,0.8828201582121971,0.0173474530782296,0.7869430778440601,0.0400468845816868,0.7337509476560291,0.0247453469192504,0.7073195905738917,0.7646844139115501,0.8105,0.137368637664892,0.5609999999999999,0.0524880938880428,TYPE2,knn,0,96.33333333333333
TYPE2__imp_knn,ann_xgb_ens,0.9722273174933884,0.0132095813019864,0.9524462038831836,0.0280356865566877,0.9172392174410222,0.0211324826949799,0.9128094965431602,0.9254508372692144,0.943,0.0580193576814043,0.5359999999999999,0.1054988151592234,TYPE2,knn,0,85.52777777777777
TYPE2__imp_knn,deep_ann,0.8832788641821653,0.0155967786705282,0.7891157903897283,0.0297373617001897,0.738043768359966,0.0178368943377347,0.7205852393205934,0.7603477887505367,0.8160000000000001,0.1466256862803489,0.615,0.0223606797749978,TYPE2,knn,0,96.63888888888889
TYPE2__imp_knn,deepnetx2,0.8908767880658915,0.0141302749252467,0.796663421653579,0.0216541059017594,0.7513632696900903,0.0317153042303161,0.7148058282428746,0.7968548733361958,0.821,0.137715868296996,0.6079999999999999,0.0654408129533856,TYPE2,knn,0,89.94444444444444
TYPE2__imp_knn,lr,0.8315074458251462,0.0232463832576002,0.6916748431669593,0.0464644437259949,0.6700413633946993,0.0121642203297343,0.556677287072562,0.8465006440532417,0.7144999999999999,0.1717922891178917,0.3839999999999999,0.0224722050542442,TYPE2,knn,0,103.47222222222223
TYPE2__imp_knn,rf,0.9882146007657744,0.0101305955479352,0.9829809291165634,0.0127302914563497,0.948323416794756,0.0144023305785476,0.9599380259503378,0.937140403606698,0.965,0.0369708133057934,0.5229999999999999,0.0500749438342171,TYPE2,knn,0,86.61111111111111
TYPE2__imp_knn,stack_lr_oof,0.9906956179445596,0.0080399735789111,0.9871386102595648,0.0109026521426122,0.9459283419060688,0.0132578656492742,0.9158311205817208,0.9795298411335336,0.9615,0.0293340807953662,0.3589999999999999,0.0954856010087384,TYPE2,knn,0,86.5
TYPE2__imp_knn,xgb,0.9783103058388374,0.0116504665947213,0.9655953676814774,0.0231667033944501,0.949160508469079,0.016937456405159,0.9477247463954324,0.9517389437526836,0.965,0.0327122822846148,0.4779999999999999,0.1438141161360734,TYPE2,knn,0,79.52777777777777
TYPE2__imp_knn_flag,ann,0.8829504120560474,0.0144117549743061,0.7905260773661478,0.0241023287716103,0.7343459006697286,0.0117829592416518,0.6793109119790064,0.8040468012022327,0.8015000000000001,0.1403064791798148,0.53,0.0721976453909682,TYPE2,knn,1,96.63888888888889
TYPE2__imp_knn_flag,ann_xgb_ens,0.9716460764178558,0.0127535425323805,0.9529602104634244,0.0281868314200933,0.9152353029439018,0.0202170522659401,0.9149866687027832,0.9195684843280378,0.9415,0.0573417429767516,0.538,0.1111080555135405,TYPE2,knn,1,80.83333333333333
TYPE2__imp_knn_flag,deep_ann,0.8823497027601652,0.0160426223482666,0.7832023193078369,0.0283011553273659,0.7282262073938697,0.011973763907544,0.7209925455435361,0.7382996994418205,0.8115,0.1422049689945944,0.614,0.0391152144312159,TYPE2,knn,1,95.58333333333333
TYPE2__imp_knn_flag,deepnetx2,0.887011902777718,0.0256555449672714,0.7870573706885539,0.050452939175038,0.7469418346320857,0.0292657723834302,0.699399755425147,0.8085122370115929,0.813,0.1408885981051798,0.5729999999999998,0.0838600023849272,TYPE2,knn,1,75.05555555555556
TYPE2__imp_knn_flag,lr,0.8315074458251462,0.0232463832576002,0.6916748431669593,0.0464644437259949,0.6700413633946993,0.0121642203297343,0.556677287072562,0.8465006440532417,0.7144999999999999,0.1717922891178917,0.3839999999999999,0.0224722050542442,TYPE2,knn,1,99.13888888888889
TYPE2__imp_knn_flag,rf,0.9882146007657744,0.0101305955479352,0.9829809291165634,0.0127302914563497,0.948323416794756,0.0144023305785476,0.9599380259503378,0.937140403606698,0.965,0.0369708133057934,0.5229999999999999,0.0500749438342171,TYPE2,knn,1,81.63888888888889
TYPE2__imp_knn_flag,stack_lr_oof,0.9905575553849426,0.008014808535346,0.9868138883061772,0.0108784041959913,0.9371934477951428,0.0254415625178598,0.9004132173810515,0.9795298411335336,0.9545,0.0299408661864022,0.3199999999999999,0.0594768862668515,TYPE2,knn,1,83.66666666666667
TYPE2__imp_knn_flag,xgb,0.9783103058388374,0.0116504665947213,0.9655953676814774,0.0231667033944501,0.949160508469079,0.016937456405159,0.9477247463954324,0.9517389437526836,0.965,0.0327122822846148,0.4779999999999999,0.1438141161360734,TYPE2,knn,1,74.47222222222223
